store_name,store_company_by_GPT
HILLSTREET NEWS AND TOBACCO,HILLSTREET
JAMBOREE FOODS,JAMBOREE
SYCAMORE CONVENIENCE,SYCAMORE
DOUBLE D LIQUOR STORE,DOUBLE D
"CENTRAL CITY LIQUOR, INC.",CENTRAL CITY
KEOKUK SPIRITS,KEOKUK
SAC LIQUOR STORE,SAC
HAPPY'S WINE & SPIRITS WHOLESALE,HAPPY'S
RODGERS SPIRITS AND MORE,RODGERS
FORBES LIQUOR LOCKER / REMI,FORBES
ADVENTURELAND INN,ADVENTURELAND
INGERSOLL LIQUOR AND BEVERAGE,INGERSOLL
JOHN'S GROCERY,JOHN'S
WEST SIDE SPIRITS,WEST SIDE
RUBACK'S FOOD CENTER,RUBACK'S
BOTTLE BOUTIQUE,BOTTLE
REINHART FOODS,REINHART
"LIQUOR BARN, INC.",LIQUOR BARN
SID'S BEVERAGE SHOP,SID'S
"PRIVATE CELLAR, INC.",PRIVATE CELLAR
PRAIRIE MEADOWS,PRAIRIE MEADOWS
HY-VEE FOOD STORE #1 / AMES,HY-VEE
HY-VEE  #2 / AMES,HY-VEE
HY-VEE WINE AND SPIRITS / ANKENY,HY-VEE
HY-VEE WINE AND SPIRITS / BOONE,HY-VEE
HY-VEE #1044 / BURLINGTON,HY-VEE
HY-VEE FOOD STORE #1 / BURLINGTON,HY-VEE
HY-VEE FOOD STORE #1 / CEDAR RAPIDS,HY-VEE
HY-VEE / DRUGTOWN #1 / CEDAR RAPIDS,HY-VEE
HY-VEE WINE AND SPIRITS / IOWA CITY,HY-VEE
HY-VEE FOOD STORE #2 / IOWA CITY,HY-VEE
HY-VEE DRUGSTORE / MARION,HY-VEE
HY-VEE FOOD STORE #1 / MASON CITY,HY-VEE
HY-VEE FOOD STORE #1 / NEWTON,HY-VEE
HY-VEE WINE AND SPIRITS / RED OAK,HY-VEE
HY-VEE FOOD AND DRUG / GRAND / WDM,HY-VEE
HY-VEE WINE AND SPIRITS / SPIRIT LAKE,HY-VEE
HY-VEE FOOD STORE / CENTERVILLE,HY-VEE
HY-VEE FOOD STORE / DUBUQUE,HY-VEE
HY-VEE FOOD STORE #5 / DES MOINES,HY-VEE
HY-VEE FOOD STORE #3 / DES MOINES,HY-VEE
HY-VEE DRUGSTORE #4 / CEDAR RAPIDS,HY-VEE
HY-VEE FOOD STORE #2 / DES MOINES,HY-VEE
HY-VEE FOOD STORE #1 / WDM,HY-VEE
HY-VEE / PLEASANT HILL,HY-VEE
HY-VEE FOOD STORE #3 / WATERLOO,HY-VEE
HY-VEE FOOD STORE / IOWA FALLS,HY-VEE
HY-VEE FOOD STORE #1 / OTTUMWA,HY-VEE
HY-VEE FOOD STORE / MARSHALLTOWN,HY-VEE
HY-VEE DRUGSTORE / IOWA CITY,HY-VEE
HY-VEE FOOD STORE / ALTOONA,HY-VEE
HY-VEE FOOD STORE / INDIANOLA,HY-VEE
HY-VEE FOOD STORE / OSCEOLA,HY-VEE
HY-VEE FOOD STORE / CHARITON,HY-VEE
HY-VEE FOOD STORE #3 / CEDAR RAPIDS,HY-VEE
HY-VEE FOOD STORE / CRESTON,HY-VEE
HY-VEE FOOD STORE / DAVENPORT,HY-VEE
HY-VEE FOOD STORE / KEOKUK,HY-VEE
HY-VEE WINE AND SPIRITS / ESTHERVILLE,HY-VEE
HY-VEE FOOD STORE / MOUNT PLEASANT,HY-VEE
HY-VEE FOOD STORE / ALBIA,HY-VEE
HY-VEE FOOD STORE / MARION,HY-VEE
HY-VEE FOOD STORE / FLEUR / DSM,HY-VEE
HY-VEE FOOD STORE / FORT DODGE,HY-VEE
HY-VEE FOOD STORE #4 / WATERLOO,HY-VEE
HY-VEE FOOD STORE #1636 / SPENCER,HY-VEE
HY-VEE FOOD STORE / KNOXVILLE,HY-VEE
HY-VEE DRUGSTORE / DAVENPORT,HY-VEE
HY-VEE FOOD STORE #4 / CEDAR RAPIDS,HY-VEE
HY-VEE FOOD STORE #2 / CEDAR RAPIDS,HY-VEE
HY-VEE FOOD STORE #2 / WATERLOO,HY-VEE
HY-VEE FOOD STORE / CEDAR FALLS,HY-VEE
HY-VEE FOOD STORE / MUSCATINE,HY-VEE
HY-VEE FOOD STORE #1 / WATERLOO,HY-VEE
HY-VEE WINE AND SPIRITS / STORM LAKE,HY-VEE
HY-VEE / CHARLES CITY,HY-VEE
HY-VEE FOOD STORE / GRINNELL,HY-VEE
HY-VEE #2 FOOD STORE / MASON CITY,HY-VEE
HY-VEE FOOD STORE / FORT MADISON,HY-VEE
HY-VEE WINE AND SPIRITS / ALGONA,HY-VEE
HY-VEE FOOD STORE / JOHNSTON,HY-VEE
HY-VEE FOOD AND DRUG #6 / CEDAR RAPIDS,HY-VEE
HY-VEE FOOD STORE #5 / CEDAR RAPIDS,HY-VEE
HY-VEE WINE AND SPIRITS / ATLANTIC,HY-VEE
HY-VEE DRUGSTORE / MARSHALLTOWN,HY-VEE
HY-VEE FOOD STORE / CARROLL,HY-VEE
HY-VEE FOOD STORE / SIOUX CITY,HY-VEE
HY-VEE WINE AND SPIRITS / DENISON,HY-VEE
HY-VEE OTTUMWA#2,HY-VEE
HY-VEE FOOD STORE / CHEROKEE,HY-VEE
HY-VEE FOOD STORE / OSKALOOSA,HY-VEE
HY-VEE FOOD STORE / FAIRFIELD,HY-VEE
HY-VEE FOOD STORE / WEBSTER CITY,HY-VEE
HY-VEE WINE AND SPIRITS / BETTENDORF,HY-VEE
HY-VEE WINE AND SPIRITS / LE MARS,HY-VEE
HY-VEE DRUGSTORE #5 / CEDAR RAPIDS,HY-VEE
HY-VEE WINE AND SPIRITS / HUMBOLDT,HY-VEE
HY-VEE WINE AND SPIRITS / SHENANDOAH,HY-VEE
HY-VEE DRUGSTORE #2 / AMES,HY-VEE
HY-VEE DRUGSTORE / OTTUMWA,HY-VEE
HY-VEE STORE / PERRY,HY-VEE
HY-VEE FOOD STORE #1 / COUNCIL BLUFFS,HY-VEE
HY-VEE #3 FOOD & DRUGSTORE / DAVENPORT,HY-VEE
HY-VEE FOOD AND DRUG / CLINTON,HY-VEE
HY-VEE DRUGSTORE #6 / CEDAR RAPIDS,HY-VEE
HY-VEE WINE AND SPIRITS / WDM,HY-VEE
HY-VEE / WINDSOR HEIGHTS,HY-VEE
HY-VEE FOOD STORE #3 / SIOUX CITY,HY-VEE
HY-VEE FOOD STORE / IOWA CITY,HY-VEE
HY-VEE FOOD STORE #4 / SIOUX CITY,HY-VEE
HY-VEE #2 / DUBUQUE,HY-VEE
HY-VEE WINE & SPIRITS #2 / DAVENPORT,HY-VEE
HY-VEE DRUGSTORE / UNIVERSITY / DSM,HY-VEE
HY-VEE WINE & SPIRITS #1 / MLK,HY-VEE
HY-VEE FOOD STORE / ELDORA,HY-VEE
HY-VEE FOOD STORE #2 / COUNCIL BLUFFS,HY-VEE
HY-VEE DRUGSTORE #2 / WDM,HY-VEE
HY-VEE #3 / BDI / DES MOINES,HY-VEE
HY-VEE #4 / DAVENPORT,HY-VEE
HY-VEE WINE AND SPIRITS / HUBBELL,HY-VEE
HY-VEE #5 / DAVENPORT,HY-VEE
HY-VEE DRUGSTORE / COUNCIL BLUFFS,HY-VEE
HY-VEE WINE AND SPIRITS / PELLA,HY-VEE
HY-VEE WINE AND SPIRITS / WATERLOO,HY-VEE
HY-VEE FORT DODGE WINE AND SPIRITS,HY-VEE
HY-VEE #7 / CEDAR RAPIDS,HY-VEE
HY-VEE #4 / WDM,HY-VEE
HY-VEE #3 / DUBUQUE,HY-VEE
HY-VEE WINE AND SPIRITS / HARLAN,HY-VEE
HY-VEE / WAVERLY,HY-VEE
HY-VEE DRUGSTORE / MASON CITY,HY-VEE
HY-VEE WINE AND SPIRITS / WASHINGTON,HY-VEE
HY-VEE FOOD STORE / CLARINDA,HY-VEE
HY-VEE FOOD STORE / CORNING,HY-VEE
HY-VEE FOOD STORE / BEDFORD,HY-VEE
HY-VEE FOOD STORE / MOUNT AYR,HY-VEE
HY-VEE FOOD STORE / SIOUX CENTER,HY-VEE
HY-VEE FOOD STORE / SHELDON,HY-VEE
HY-VEE WINE & SPIRITS / MUSCATINE,HY-VEE
HY-VEE FOOD STORE / URBANDALE,HY-VEE
HY-VEE / WAUKEE,HY-VEE
HY-VEE FOOD STORE #2 / STATE ANKENY,HY-VEE
HY-VEE MAINSTREET / SIOUX CITY,HY-VEE
HY-VEE FOOD STORE / LEON,HY-VEE
HY-VEE / CORYDON,HY-VEE
HY-VEE FOOD STORE / CORALVILLE,HY-VEE
HY-VEE  /  JEFFERSON,HY-VEE
HY-VEE / WINTERSET,HY-VEE
HY-VEE # 6/ DES MOINES,HY-VEE
HY-VEE FOOD STORE / LAMONI,HY-VEE
HY-VEE #2 / CORALVILLE,HY-VEE
HY-VEE GAS / INDIANOLA,HY-VEE
HY-VEE FAST & FRESH EXPRESS / CENTERVILLE,HY-VEE
HY-VEE FAST & FRESH / DAVENPORT,HY-VEE
HY-VEE FAST & FRESH/ALTOONA,HY-VEE
HY-VEE FULFILLMENT CENTER,HY-VEE
HY-VEE C-STORE / FAIRFEILD,HY-VEE
HY-VEE WDM HEALTH MARKET,HY-VEE
HY-VEE FAST & FRESH / WDM,HY-VEE
HY-VEE - FOREST CITY,HY-VEE
HY-VEE -GARNER,HY-VEE
HY-VEE GAS - PLEASANT HILL,HY-VEE
HY-VEE FAST & FRESH EXPRESS- BETTENDORF,HY-VEE
HY-VEE C-STORE - EAST HICKMAN,HY-VEE
HY-VEE C-STORE - DOUGLAS,HY-VEE
HY-VEE FAST & FRESH - KNOXVILLE,HY-VEE
HY-VEE FAST & FRESH - DES MOINES,HY-VEE
HY-VEE FAST & FRESH EXPRESS -OSCELOA,HY-VEE
HY-VEE FAST & FRESH EXPRESS / CRESTON,HY-VEE
HY-VEE GAS #4 / DES MOINES,HY-VEE
HY-VEE C-STORE / SE ARMY POST,HY-VEE
HY-VEE DOLLAR FRESH - TOLEDO,HY-VEE
HY-VEE GAS #4 - WDM,HY-VEE
HY-VEE C-STORE #2 - ANKENY,HY-VEE
HY-VEE DOLLAR FRESH - EMMETSBURG,HY-VEE
HY-VEE FAST AND FRESH / STORM LAKE,HY-VEE
HY-VEE GAS #1 / ANKENY,HY-VEE
HY-VEE FAST AND FRESH / CLIVE,HY-VEE
HY-VEE OELWEIN DOLLAR FRESH,HY-VEE
HY-VEE CRESCO DOLLAR FRESH,HY-VEE
HY-VEE FAST AND FRESH / JOHNSTON,HY-VEE
HY-VEE FAST AND FRESH - URBANDALE,HY-VEE
HY-VEE FAST AND FRESH - WINDSOR HEIGHTS,HY-VEE
HY-VEE FAST AND FRESH - DUBUQUE,HY-VEE
HY-VEE GAS #1 / OTTUMWA,HY-VEE
HY-VEE GAS #2 / OTTUMWA,HY-VEE
HY-VEE / DECORAH,HY-VEE
HY-VEE DYERSVILLE DOLLAR FRESH,HY-VEE
HY-VEE / VINTON,HY-VEE
HY-VEE FOOD STORE / DENISON,HY-VEE
HY-VEE HAMPTON DOLLAR FRESH,HY-VEE
HY-VEE GAS #5018 / AMES,HY-VEE
HY-VEE WAUKON DOLLAR FRESH,HY-VEE
HY-VEE FAST AND FRESH / WAUKEE,HY-VEE
HY-VEE GAS #3 / WDM,HY-VEE
HY-VEE C-STORE #3 / DUBUQUE,HY-VEE
HY-VEE GAS / JOHNSTON,HY-VEE
OSCO #1118 / CLINTON,OSCO
CVS PHARMACY #8538 / CEDAR FALLS,CVS
CVS PHARMACY #8546 / WATERLOO,CVS
CVS PHARMACY #8544 / WATERLOO,CVS PHARMACY
CVS PHARMACY #8658 / DAVENPORT,CVS PHARMACY
CVS PHARMACY #8659 / DAVENPORT,CVS PHARMACY
CVS PHARMACY #8633 / BETTENDORF,CVS PHARMACY
CVS PHARMACY #8532 / CEDAR RAPIDS,CVS PHARMACY
CVS PHARMACY #8526 / CEDAR RAPIDS,CVS PHARMACY
CVS PHARMACY #8547 / IOWA CITY,CVS PHARMACY
CVS PHARMACY #4816 / COUNCIL BLUFFS,CVS PHARMACY
CVS PHARMACY #8443 / CEDAR RAPIDS,CVS PHARMACY
CVS PHARMACY #10032 / MARION,CVS PHARMACY
CVS PHARMACY #10114 / ANKENY,CVS PHARMACY
CVS PHARMACY #10162 / DES MOINES,CVS PHARMACY
CVS / PHARMACY #10161 / DES MOINES,CVS
CVS / PHARMACY #10282 / FORT DODGE,CVS
CVS PHARMACY #10329 / MERLE HAY,CVS PHARMACY
CVS PHARMACY #10452  /  AMES,CVS PHARMACY
CVS / PHARMACY #10480 / URBANDALE,CVS
KEITH'S FOODS,KEITH'S FOODS
SHUGAR'S SUPER VALU / COLFAX,SHUGAR'S SUPER VALU
BRITT FOOD CENTER,BRITT FOOD CENTER
MCNALLY'S SUPER VALU,MCNALLY'S SUPER VALU
CLARION SUPER VALU II,CLARION SUPER VALU
MONTEZUMA SUPER VALU,MONTEZUMA SUPER VALU
SAM'S CLUB 8238 / DAVENPORT,SAM'S CLUB
SAM'S CLUB 8162 / CEDAR RAPIDS,SAM'S CLUB
OKOBOJI AVENUE LIQUOR,OKOBOJI AVENUE LIQUOR
THE HANGOUT LIQUORS,THE HANGOUT LIQUORS
ECON-O-MART / COLUMBUS JUNCTION,ECON-O-MART
BIG G FOOD STORE,BIG G FOOD STORE
SAM'S CLUB 6344 / WINDSOR HEIGHTS,SAM'S CLUB
SUPER SAVER IV,SUPER SAVER
SAM'S CLUB 6432 / SIOUX CITY,SAM'S CLUB
QUICK SHOP / CLEAR LAKE,QUICK SHOP
HOMETOWN FOODS / STUART,HOMETOWN FOODS
HOMETOWN FOODS / PANORA,HOMETOWN FOODS
SAM'S CLUB 6472 / COUNCIL BLUFFS,SAM'S CLUB
JEFF'S FOODS,JEFF'S FOODS
BENDER'S FOODS,BENDER'S FOODS
SAM'S CLUB 6514 / WATERLOO,SAM'S CLUB
KAREN'S SPIRITS AND WINE,KAREN'S
AMERISTAR CASINO / COUNCIL BLUFFS,AMERISTAR CASINO
SAM'S CLUB 6568 / AMES,SAM'S CLUB
WINES AND SPIRITS,WINES AND SPIRITS
SUPER TARGET T-0804 MASON CITY,SUPER TARGET
SUPER TARGET T-0533 / DAVENPORT,SUPER TARGET
CHUCK'S SPORTSMANS BEVERAGE,CHUCK'S SPORTSMANS BEVERAGE
QUICKER LIQUOR STORE,QUICKER LIQUOR
WAL-MART 0797 / W BURLINGTON,WAL-MART
WAL-MART 0559 / MUSCATINE,WAL-MART
HARTIG DRUG STORE #10 / IOWA CITY,HARTIG DRUG STORE
KORTHOUSE LIQUOR,KORTHOUSE LIQUOR
PIRILLO BEVERAGE,PIRILLO BEVERAGE
WAL-MART 0886 / FORT DODGE,WAL-MART
SCOTTY'S LIQUOR STORE,SCOTTY'S LIQUOR STORE
LOGAN SUPER FOODS,LOGAN SUPER FOODS
B AND C LIQUOR / MAQUOKETA,B AND C LIQUOR
WAL-MART 2716 / CEDAR RAPIDS,WAL-MART
WAL-MART 1415 / SPIRIT LAKE,WAL-MART
WAL-MART 0748 / NEWTON,WAL-MART
WAL-MART 0892 / ANKENY,WAL-MART
WAL-MART 2714 / SPENCER,WAL-MART
WAL-MART 1528 / CEDAR RAPIDS,WAL-MART
WAL-MART 1965 / COUNCIL BLUFFS,WAL-MART
WAL-MART 2004 / DUBUQUE,WAL-MART
CLARK'S FOOD MART / OGDEN,CLARK'S FOOD MART
WAL-MART 2764 / ALTOONA,WAL-MART
WAL-MART 1764 / WINDSOR HEIGHTS,WAL-MART
WAL-MART 2889 / CLINTON,WAL-MART
FAIRBANK FOOD CENTER,FAIRBANK FOOD CENTER
"SPIRITS, STOGIES AND STUFF","SPIRITS, STOGIES AND STUFF"
WAL-MART 1491 / INDIANOLA,WAL-MART
DISCOUNT LIQUORS OF IDA GROVE,DISCOUNT LIQUORS
THE BEVERAGE SHOP / BELMOND,THE BEVERAGE SHOP
TARGET STORE T-1767 / ANKENY,TARGET
WAL-MART 2935 / KNOXVILLE,WAL-MART
WAL-MART 1496 / WATERLOO,WAL-MART
SHADE TREE LIQUORS,SHADE TREE LIQUORS
TARGET STORE T-1771 / CEDAR RAPIDS,TARGET
WAL-MART 2827 / CORALVILLE,WAL-MART
T AND M FOODS,T AND M FOODS
BARB'S SERVICE,BARB'S SERVICE
"SMOKE SHOP, THE",SMOKE SHOP
FRANKLIN STREET FLORAL & GIFT,FRANKLIN STREET FLORAL & GIFT
JUMBO'S,JUMBO'S
FREDERICKSBURG FOOD CENTER,FREDERICKSBURG FOOD CENTER
TARGET STORE T-1792 / WATERLOO,TARGET
TARGET STORE T-1791 / URBANDALE,TARGET
MRS. B'S LIQUOR,MRS. B'S LIQUOR
WAL-MART 1723 / DES MOINES,WAL-MART
INGERSOLL WINE MERCHANTS,INGERSOLL WINE MERCHANTS
CELTICS BEVERAGE COMPANY,CELTICS BEVERAGE COMPANY
LIQUOR LOCKER,LIQUOR LOCKER
TARGET STORE T-1768 / CEDAR RAPIDS,TARGET
NEW YORK DOLLAR STORE,NEW YORK DOLLAR STORE
MONTE SPIRITS,MONTE SPIRITS
WAL-MART 0810 / MASON CITY,WAL-MART
KIMBERLY MART / DAVENPORT,KIMBERLY MART
THE LIQUOR STOP / SUMNER,THE LIQUOR STOP
WAL-MART 0581 / MARSHALLTOWN,WAL-MART
WAL-MART 0913 / DECORAH,WAL-MART
WAL-MART 1361 / SIOUX CITY,WAL-MART
J D SPIRITS LIQUOR,J D SPIRITS
WAL-MART 1285 / OTTUMWA,WAL-MART
BREWSKI'S BEVERAGE,BREWSKI'S
WAL-MART 1241 / DAVENPORT,WAL-MART
NORTH SCOTT FOODS,NORTH SCOTT
C B LIQUOR,C B
HARTIG DRUG COMPANY #4 / DUBUQUE,HARTIG
HOMETOWN FOODS / WATERLOO,HOMETOWN FOODS
WAL-MART 1625 / LEMARS,WAL-MART
RANDY'S NEIGHBORHOOD MARKET / DYERSVILLE,RANDY'S
WAL-MART 1526 / STORM LAKE,WAL-MART
MAIN STREET LIQUORS / MANNING,MAIN STREET
WAL-MART 3590 / SIOUX CITY,WAL-MART
WINE AND SPIRITS GALLERY,WINE AND SPIRITS
MAIN STREET LIQUORS / HAWARDEN,MAIN STREET
WAL-MART 0753 / CEDAR FALL,WAL-MART
SHOP N SAVE #1 / MLK PKWY,SHOP N SAVE
BENZ DISTRIBUTING,BENZ
EAGLE COUNTRY MARKET / DUBUQUE,EAGLE COUNTRY
WAL-MART 5115 / DAVENPORT,WAL-MART
FAMILY PANTRY,FAMILY PANTRY
BENDER FOODS / GUTTENBERG,BENDER FOODS
DYNO'S WINE AND SPIRITS / POCAHONTAS,DYNO'S
HARTIG DRUG #14 / INDEPENDENCE,HARTIG
WAL-MART 1393 / OSKALOOSA,WAL-MART
WAL-MART 0784 / MT PLEASAN,WAL-MART
STRAWBERRY FOODS AND DELI,STRAWBERRY FOODS
WASHINGTON STREET MINI MART,WASHINGTON STREET
TARGET STORE T-1901 / WDM,TARGET
THRIFTWAY,THRIFTWAY
WAL-MART 1431 / KEOKUK,WAL-MART
CGI FOODS,CGI
COSTCO WHOLESALE #788 / WDM,COSTCO
ROUND WINDOW LIQUOR,ROUND WINDOW
QUILLINS DECORAH,QUILLINS
"CHARLIE'S WINE AND SPIRITS,",CHARLIE'S
THE SECRET CELLAR,THE SECRET CELLAR
SHOP N SAVE #2 / E 14TH,SHOP N SAVE
LAKESIDE HOTEL & CASINO,LAKESIDE
GARY'S FOODS / MT VERNON,GARY'S
WAL-MART 1435 / CRESTON,WAL-MART
THE MARKET OF MADRID,THE MARKET
WAL-MART 3394 / ATLANTIC,WAL-MART
SCHNUCKS / BETTENDORF,SCHNUCKS
HARTIG DRUG COMPANY #2 / LOCUST,HARTIG
BANCROFT LIQUOR STORE,BANCROFT
OTHO CONVENIENCE AND FOOD,OTHO
HARTIG DRUG CO #6 / DYERSVILLE,HARTIG
DYNO'S WINE AND SPIRITS / STORM LAKE,DYNO'S
QUILLINS FOOD RANCH / WAUKON,QUILLINS
HAROLDS JACK N JILL / DAVENPORT,HAROLDS
WAL-MART 0750 / INDEPENDENCE,WAL-MART
TARGET STORE T-1170 / AMES,TARGET
WAL-MART 3630 / MARION,WAL-MART
BOOTLEGGIN' BARZINI'S FIN,BOOTLEGGIN' BARZINI'S
TARGET STORE T-1939 / ALTOONA,TARGET
TARGET STORE T-0069 / WDM,TARGET
TARGET STORE T-0086 / DUBUQUE,TARGET
TARGET STORE T-1113 / CORALVILLE,TARGET
TARGET STORE T-2041 / DES MOINES,TARGET
TARGET STORE T-1800 / SIOUX CITY,TARGET
TARGET STORE T-2454 / COUNCIL BLUFFS,TARGET
7 RAYOS LIQUOR STORE,7 RAYOS
KWIK SHOP #579 / DAVENPORT,KWIK SHOP
WAL-MART 0646 / ANAMOSA,WAL-MART
WAL-MART 0647 / GRINNELL,WAL-MART
WAL-MART 1005 / WAVERLY,WAL-MART
SMOKIN' JOE'S #7 TOBACCO AND LIQUOR OUTLET,SMOKIN' JOE'S
"WILD ROSE EMMETSBURG, LLC",WILD ROSE
SMOKIN' JOE'S #18 TOBACCO AND LIQUOR OUTLET,SMOKIN' JOE'S
WAL-MART 3762 / WDM,WAL-MART
TARGET STORE T-0878 / FORT DODGE,TARGET
SMOKIN' JOE'S #16 TOBACCO AND LIQUOR OUTLET,SMOKIN' JOE'S
D AND S GROCERY,D AND S
RIVERSIDE CASINO AND RESORT,RIVERSIDE
SMOKIN' JOE'S #14 TOBACCO AND LIQUOR OUTLET,SMOKIN' JOE'S
SMOKIN' JOE'S #5 TOBACCO AND LIQUOR OUTLET,SMOKIN' JOE'S
SMOKIN' JOE'S #2 TOBACCO AND LIQUOR OUTLET,SMOKIN' JOE'S
SMOKIN' JOE'S #1 TOBACCO AND LIQUOR OUTLET,SMOKIN' JOE'S
SMOKIN' JOE'S #11 TOBACCO AND LIQUOR OUTLET,SMOKIN' JOE'S
SMOKIN' JOE'S #12 TOBACCO AND LIQUOR OUTLET,SMOKIN' JOE'S
KUENNEN'S LIQUOR STORE,KUENNEN'S
MAIN STREET SPIRITS / MAPLETON,MAIN STREET
WAL-MART 1509 / MAQUOKETA,WAL-MART
TWIN TOWN LIQUOR,TWIN TOWN
GOOD AND QUICK CO,GOOD AND QUICK
SAM'S CLUB 4973 / DUBUQUE,SAM'S CLUB
WAL-MART 0751 / PELLA,WAL-MART
LOT-A-SPIRITS,LOT-A
KARL'S GROCERY STORE,KARL'S
HARTIG DRUG COMPANY #8/UNIVERSITY,HARTIG
TOBACCO HUT #14 / COUNCIL BLUFFS,TOBACCO HUT
SIOUX FOOD CENTER OF SIOUX RAPIDS,SIOUX FOOD CENTER
MMDG SPIRITS / AMES,MMDG
WAL-MART 1721 / IOWA CITY,WAL-MART
WAL-MART 1152 / SIOUX CENTER,WAL-MART
WINE AND SPIRITS SHOPPE OF,WINE AND SPIRITS
CORK AND BOTTLE / OSKALOOSA,CORK AND BOTTLE
NEW STAR LIQUOR / W 4TH S / WATERLOO,NEW STAR LIQUOR
BARMUDA DISTRIBUTION,BARMUDA
WAL-MART 4606 / OSCEOLA,WAL-MART
FOODLAND SUPER MARKETS / WOODBINE,FOODLAND
WAL-MART 1787 / CARROLL,WAL-MART
WAL-MART 4256 / AMES,WAL-MART
LARCHWOOD OFFSALE,LARCHWOOD
NEWMAN'S THRIFTWAY,NEWMAN'S
JIM AND CHARLIES AFFILIATED,JIM AND CHARLIES
WAL-MART 0841 / TIPTON,WAL-MART
WAL-MART 1732 / DENISON,WAL-MART
WAL-MART 0749 / AMES,WAL-MART
WAL-MART 1506 / MANCHESTER,WAL-MART
WAL-MART 0985 / FAIRFIELD,WAL-MART
WAL-MART 1389 / BOONE,WAL-MART
WAL-MART 1546 / IOWA FALLS,WAL-MART
KARAM KAUR KHASRIYA LLC,KARAM KAUR KHASRIYA
WAL-MART 1621 / CENTERVILLE,WAL-MART
LAKE OHANA MARKET / MINEOLA,LAKE OHANA
J AND K MARKET,J AND K
FAREWAY STORES #639 / MAQUOKETA,FAREWAY
TARGET STORE T-0860 / WEST BURLINGTON,TARGET
TEQUILA'S LIQUOR STORE,TEQUILA'S
H AND A MINI MART CORP,H AND A
FREEMAN FOODS,FREEMAN
SA PETRO MART,SA PETRO
FAREWAY STORES #648 / OTTUMWA,FAREWAY
GRIEDER BEVERAGE DEPOT,GRIEDER
"UPTOWN LIQUOR, LLC",UPTOWN LIQUOR
XO FOOD AND LIQUOR,XO
FAREWAY STORES #909 / ANKENY,FAREWAY
FAREWAY STORES #061 / ANKENY,FAREWAY
FAREWAY STORES #705 / CLEAR LAKE,FAREWAY
FAREWAY STORES #077 / NORWALK,FAREWAY
SCHLESWIG FOODS AND SPIRITS,SCHLESWIG
WAL-MART 1475 / WASHINGTON,WAL-MART
FAREWAY STORES #386 / AMES,FAREWAY
FAREWAY STORES #093 / AMES,FAREWAY
FAREWAY STORES #491 / MASON CITY,FAREWAY
FAREWAY STORES #426 / NEVADA,FAREWAY
HARTIG DRUG COMPANY #3/JFK,HARTIG
FAREWAY STORES #384 / BOONE,FAREWAY
"BROTHERS MARKET, INC.",BROTHERS
AFTER 5 SOMEWHERE,AFTER 5
LAKE VIEW FOODS,LAKE VIEW
LAKE VIEW REDEMPTION CENTER,LAKE VIEW
TARGET STORE T-2526 / CEDAR FALLS,TARGET
WAPELLO JACK AND JILL,WAPELLO
SAM'S MAINSTREET MARKET / SOLON,SAM'S MAINSTREET
CYCLONE LIQUORS,CYCLONE
"BOYD GROCERY, INC.",BOYD
FAREWAY STORES #933 / URBANDALE,FAREWAY
CAMANCHE FOOD PRIDE,CAMANCHE
MCCOY'S 1447,MCCOY'S
PLEASANTVILLE GROCERY,PLEASANTVILLE
FAREWAY STORES #925 / ALTOONA,FAREWAY
FAREWAY STORES #983 / GRIMES,FAREWAY
FAREWAY STORES #989 / WAUKEE,FAREWAY
FAREWAY STORES #657 / INDIANOLA,FAREWAY
FAREWAY STORES #900 / EUCLID,FAREWAY
FAREWAY STORES #975 / SE 22ND / DSM,FAREWAY
BUCKY'S,BUCKY'S
FAREWAY STORES #561 / WAVERLY,FAREWAY
FAREWAY STORES #974 / CEDAR FALLS,FAREWAY
FAREWAY STORES #479 / INDEPENDENCE,FAREWAY
FAREWAY STORES #015 / DENISON,FAREWAY
FAREWAY STORES #951 / WATERLOO,FAREWAY
FOOD LAND SUPER MARKETS,FOOD LAND
FAREWAY STORES #067 / EVANSDALE,FAREWAY
FAREWAY STORES #055 / HIAWATHA,FAREWAY
FAREWAY STORES #949 / MARION,FAREWAY
FAREWAY STORES #412 / OELWEIN,FAREWAY
FAREWAY STORES #993 / NORTH LIBERTY,FAREWAY
FAREWAY STORES #409 / CARROLL,FAREWAY
FAREWAY STORES #073 / COUNCIL BLUFFS,FAREWAY
FAREWAY STORES #034 / IOWA CITY,FAREWAY
FAREWAY STORES #950 / IOWA CITY,FAREWAY
FAREWAY STORES #963 / CEDAR RAPIDS,FAREWAY
FAREWAY STORES #461 / STORM LAKE,FAREWAY
JESUP FOOD CENTER,JESUP
"IOWA STREET MARKET, INC.",IOWA STREET
SUPER QUICK 2 / HUBBELL,SUPER QUICK
DEWEY'S JACK AND JILL,DEWEY'S
"BROTHERS MARKET, INC. / CASCADE",BROTHERS
SHAMROCK SPIRITS,SHAMROCK
SMOKIN' JOE'S #10 TOBACCO AND LIQUOR OUTLET,SMOKIN' JOE'S
FAREWAY STORES #008 / DYERSVILLE,FAREWAY
FAREWAY STORES #589 / DECORAH,FAREWAY
FAREWAY STORES #998 / MUSCATINE,FAREWAY
FAREWAY STORES #737 / GRINNELL,FAREWAY
H AND A MINI MART /BP,H AND A
FAREWAY STORES #594 / MANCHESTER,FAREWAY
FAREWAY STORES #888 / JEFFERSON,FAREWAY
FAREWAY STORES #995 / PELLA,FAREWAY
FAREWAY STORES #044 / BETTENDORF,FAREWAY
HARTLEY WINE AND SPIRITS,HARTLEY
FAREWAY STORES #848 / NEWTON,FAREWAY
FAREWAY STORES #792 / TOLEDO,FAREWAY
FAREWAY STORES #987 / DAVENPORT,FAREWAY
FAREWAY STORES #014 / SERGEANT BLUFF,FAREWAY
FAREWAY STORES #019 / SIOUX CITY,FAREWAY
FAREWAY STORES #022 / SIOUX CITY,FAREWAY
FAREWAY STORES #829 / SIOUX CITY,FAREWAY
LIQUOR AND TOBACCO OUTLET /,LIQUOR AND TOBACCO
FAREWAY STORES #025 / CLINTON,FAREWAY
FAREWAY STORES #467 / MARSHALLTOWN,FAREWAY
WAL-MART 5748 / GRIMES,WAL-MART
SICHANH LIQUOR STORE,SICHANH
FAREWAY STORES #462 / VINTON,FAREWAY
FAREWAY STORES #790 / HARLAN,FAREWAY
FAREWAY STORES #106 / CLIVE,FAREWAY
FAREWAY STORES #719 / LE MARS,FAREWAY
"ELLIOTT'S GENERAL STORE,",ELLIOTT'S GENERAL
FAREWAY STORES #815 / CRESCO,FAREWAY
FAREWAY STORES #788 / SPENCER,FAREWAY
FAREWAY STORES #395 / WEBSTER CITY,FAREWAY
FAREWAY STORES #551 / EAGLE GROVE,FAREWAY
FAREWAY STORES #850 / SPIRIT LAKE,FAREWAY
FAREWAY STORES #938 / SHENANDOAH,FAREWAY
FAREWAY STORES #879 / BELMOND,FAREWAY
FAREWAY STORES #021 / SHELDON,FAREWAY
FAREWAY STORES #048 / CLARINDA,FAREWAY
FAREWAY STORES #882 / ELDORA,FAREWAY
AJ'S LIQUOR / AMES,AJ'S LIQUOR
FAREWAY STORES #840 / MONTICELLO,FAREWAY
FAREWAY STORES #683 / WINTERSET,FAREWAY
FAREWAY STORES #849 / EMMETSBURG,FAREWAY
FAREWAY STORES #058 / ORANGE CITY,FAREWAY
FAREWAY STORES #912 / SIOUX CENTER,FAREWAY
FAREWAY STORES #009 / BURLINGTON,FAREWAY
FAREWAY STORES #699 / OSCEOLA,FAREWAY
KWIK STOP 3 / WATERLOO,KWIK STOP
WAL-MART 1683 / SHENANDOAH,WAL-MART
MAIN STREET MARKET OF ANITA,MAIN STREET MARKET
FAREWAY STORES #531 / ALGONA,FAREWAY
TIPTON FAMILY FOODS,TIPTON FAMILY
FAREWAY STORES #827 / CENTERVILLE,FAREWAY
FAREWAY STORES #407 / ESTERVILLE,FAREWAY
SMOKIN' JOE'S #4 TOBACCO AND LIQUOR OUTLET,SMOKIN' JOE'S
RUTHVEN MEAT PROCESSING,RUTHVEN MEAT
FAREWAY STORES #980 / KNOXVILLE,FAREWAY
CORK IT!,CORK IT
KEOTA EAGLE FOODS,KEOTA EAGLE
FAREWAY STORES #559 / IOWA FALLS,FAREWAY
FAREWAY STORES #922 / NEW HAMPTON,FAREWAY
FAREWAY STORES #062 / WAUKON,FAREWAY
FAREWAY STORES #597 / CRESTON,FAREWAY
CIRCLE B MARKET,CIRCLE B
TERRY'S FOOD CENTER,TERRY'S FOOD
HOMETOWN MARKET / CENTRAL CITY,HOMETOWN MARKET
FAREWAY STORES #625 / OSKALOOSA,FAREWAY
SAHOTA FOOD MART,SAHOTA FOOD
NORTHSIDE ONE STOP / HAMPTON,NORTHSIDE ONE STOP
FAREWAY STORES #502 / CHEROKEE,FAREWAY
FAREWAY STORES #508 / FORT DODGE,FAREWAY
I-80 LIQUOR / COUNCIL BLUFFS,I-80 LIQUOR
FAREWAY STORES #940 / ATLANTIC,FAREWAY
FAREWAY STORES #554 / WASHINGTON,FAREWAY
FAREWAY STORES #941 / GREENFIELD,FAREWAY
FAREWAY STORES #841 / RED OAK,FAREWAY
FAREWAY STORES #703 / HUMBOLT,FAREWAY
FAREWAY STORES #470 / PERRY,FAREWAY
FAREWAY STORES #501 / CHARLES CITY,FAREWAY
DAYTON COMMUNITY GROCERY,DAYTON COMMUNITY
STRATFORD FOOD CENTER,STRATFORD FOOD
FAREWAY STORES #114 / DUBUQUE,FAREWAY
LAST CALL 2,LAST CALL
GRAND FALLS CASINO RESORT,GRAND FALLS CASINO
RANDHAWA'S TRAVEL CENTER,RANDHAWA'S TRAVEL
BEST FOOD MART / DES MOINES,BEST FOOD MART
LUCKY MART,LUCKY
ROY'S FOODLAND,ROY'S FOODLAND
KUM & GO #301 / CLEAR LAKE,KUM & GO
KUM & GO #302 / CLEAR LAKE,KUM & GO
KUM & GO #124 / STORY CITY,KUM & GO
KUM & GO #396 / NEVADA,KUM & GO
KUM & GO #75 / WAUKEE,KUM & GO
QUIK TRIP #538 / NW 2ND / DSM,QUIK TRIP
KUM & GO #135 / POLK CITY,KUM & GO
KUM & GO #22 / GRINNELL,KUM & GO
KUM & GO #222 / WEST ST GRINNELL,KUM & GO
KUM & GO #137 / TIFFIN,KUM & GO
KUM & GO #570 / JOHNSTON,KUM & GO
KUM & GO #28 / NORWALK,KUM & GO
KUM & GO #240 / NORTH AVE NORWALK,KUM & GO
KUM & GO #50 / WEST DES MOINES,KUM & GO
KUM & GO #74 / WEST DES MOINES,KUM & GO
KUM & GO #141 / GRIMES,KUM & GO
KUM & GO #237 / GRIMES,KUM & GO
QUIK TRIP #562 / NE 14TH / DSM,QUIK TRIP
KUM & GO #1202 / WAUKEE,KUM & GO
KUM & GO #2091 / ASHWORTH / WDM,KUM & GO
KUM & GO #254 / WEST BRANCH,KUM & GO
KUM & GO #8 / 8TH ST / WDM,KUM & GO
KUM & GO #2093 / ADEL,KUM & GO
KUM & GO #43 / NEW VIRGINIA,KUM & GO
KUM & GO #117 / SPIRIT LAKE,KUM & GO
QUIK TRIP #566 / CLIVE,QUIK TRIP
KUM & GO #156 / CLIVE,KUM & GO
KUM & GO #206 / CLIVE,KUM & GO
KUM & GO #133 / ELLSWORTH,KUM & GO
"TRUNCK'S COUNTRY FOODS, INC.",TRUNCK'S
QUIK TRIP #514 / ANKENY,QUIK TRIP
KUM & GO #503 / MARION,KUM & GO
KUM & GO #80 / RIVERSIDE,KUM & GO
KUM & GO #292 / ANKENY,KUM & GO
KUM & GO #92 / ANKENY,KUM & GO
KUM & GO #4020 / ANKENY,KUM & GO
KUM & GO #2217 / BOONE,KUM & GO
KUM & GO #90 / BOONE,KUM & GO
KUM & GO #203 / PERRY,KUM & GO
KUM & GO #95 / DE SOTO,KUM & GO
KUM & GO #267 / TIPTON,KUM & GO
KUM & GO #439 / WAPELLO,KUM & GO
KUM & GO #23 / NEOLA,KUM & GO
KUM & GO #513 / ACKLEY,KUM & GO
KUM & GO #83 / CASEY,KUM & GO
KUM & GO #76 / ADAIR,KUM & GO
KUM & GO #46 / WALNUT,KUM & GO
KUM & GO #4 / LAMONI,KUM & GO
KUM & GO # 1 / HAMPTON,KUM & GO
CIRCLE K #4706601 / BURLINGTON,CIRCLE K
KUM & GO #507 / NORTH LIBERTY,KUM & GO
KUM & GO #200 / AMES,KUM & GO
KUM & GO #32 / COLFAX,KUM & GO
KUM & GO #24 PLEASANT HILL,KUM & GO
TODD'S,TODD'S
KUM & GO #216 AMES,KUM & GO
KUM & GO #214 AMES,KUM & GO
CENTER POINT FOODS,CENTER POINT
PALO MINI MART,PALO
KUM & GO #4127 / SLOAN,KUM & GO
QUIK TRIP #513 / URBANDALE,QUIK TRIP
QUIK TRIP #567 / URBANDALE,QUIK TRIP
KUM & GO #572 / URBANDALE,KUM & GO
KUM & GO #121 / URBANDALE,KUM & GO
KUM & GO #157 / URBANDALE,KUM & GO
SELECT MART GORDON DR,SELECT MART
SID'S GAS AND GROCERIES,SID'S
KUM & GO #248 / SIOUX CITY,KUM & GO
KUM & GO #1959 / ELDORA,KUM & GO
KUM & GO #53 / IOWA CITY,KUM & GO
KUM & GO #422 / IOWA CITY,KUM & GO
QUIK TRIP #568 / JOHNSTON,QUIK TRIP
KUM & GO #544 / EAGLE GROVE,KUM & GO
QUIK TRIP #503 / WINDSOR HEIGHTS,QUIK TRIP
SHELTON'S,SHELTON'S
CASEY'S GENERAL STORE #3031 / GARNER,CASEY'S GENERAL STORE
PERFECT VALUE LIQUOR MART,PERFECT VALUE
THE PUMPER,THE PUMPER
KUM & GO #438 / MUSCATINE,KUM & GO
CIRCLE K #4706600 / MUSCATINE,CIRCLE K
QUICK SHOP FOODS / CENTERVILLE,QUICK SHOP
CASEY'S GENERAL STORE #92 / PANORA,CASEY'S GENERAL STORE
BUCKY'S EXPRESS #34 / COUNCIL BLUFFS,BUCKY'S EXPRESS
BUCKY'S EXPRESS #27 / COUNCIL BLUFFS,BUCKY'S EXPRESS
BUCKY'S EXPRESS #16 / COUNCIL BLUFFS,BUCKY'S EXPRESS
BUCKY'S EXPRESS #17 / COUNCIL BLUFFS,BUCKY'S EXPRESS
U S GAS,U S GAS
CIRCLE K #4706602 / CLINTON,CIRCLE K
INDY 66 WEST #929 / INDIANOLA,INDY 66 WEST
DYNO'S 51 / SANBORN,DYNO'S
CASEY'S GENERAL STORE #2787 / CEDAR RAPIDS,CASEY'S GENERAL STORE
CASEY'S GENERAL STORE #2763 / CEDAR RAPIDS,CASEY'S GENERAL STORE
CASEY'S GENERAL STORE #2766 / CEDAR RAPIDS,CASEY'S GENERAL STORE
CASEY'S GENERAL STORE #2772 / CEDAR RAPIDS,CASEY'S GENERAL STORE
CASEY'S GENERAL STORE #2773 / CEDAR RAPIDS,CASEY'S GENERAL STORE
CASEY'S GENERAL STORE #2850 / CEDAR RAPIDS,CASEY'S GENERAL STORE
CASEY'S GENERAL STORE #3055 / GRUNDY CENTER,CASEY'S GENERAL STORE
B P ON 1ST,B P
CASEY'S GENERAL STORE #20 / ALDEN,CASEY'S GENERAL STORE
SPEEDE SHOP / WINTHROP,SPEEDE SHOP
CASEY'S GENERAL STORE #1316 / MILFORD,CASEY'S GENERAL STORE
CASEY'S GENERAL STORE #2788 / NORTH LIBERTY,CASEY'S GENERAL STORE
KUM & GO #134 / FAIRFIELD,KUM & GO
CASEY'S GENERAL STORE #38 / TREYNOR,CASEY'S GENERAL STORE
JIFFY EXPRESS #921 / INDIANOLA,JIFFY EXPRESS
CASEY'S GENERAL STORE #2816 / JOHNSTON,CASEY'S GENERAL STORE
CASEY'S GENERAL STORE #2667 / TIFFIN,CASEY'S GENERAL STORE
CASEY'S GENERAL STORE #2902 / SPENCER,CASEY'S GENERAL STORE
CASEY'S GENERAL STORE #2877 / SPENCER,CASEY'S GENERAL STORE
AJ'S LIQUOR II,AJ'S LIQUOR
CASEY'S GENERAL STORE #1007 / MALVERN,CASEY'S GENERAL STORE
SUPER QUICK / SE 30 DM,SUPER QUICK
METRO MART #4 / WATERLOO,METRO MART
CASEY'S GENERAL STORE #1144 / POLK CITY,CASEY'S GENERAL STORE
CASEY'S GENERAL STORE #2813 / FORT DODGE,CASEY'S GENERAL STORE
CASEY'S GENERAL STORE #1588 / DOWS,CASEY'S GENERAL STORE
CASEY'S GENERAL STORE #1569 / OAKLAND,CASEY'S GENERAL STORE
CASEY'S GENERAL STORE #2767 / CEDAR RAPIDS,CASEY'S GENERAL STORE
CASEY'S GENERAL STORE #2824 / WDM,CASEY'S GENERAL STORE
CASEY'S GENERAL STORE #2923 / WDM,CASEY'S GENERAL STORE
CASEY'S GENERAL STORE #2842 / HUXLEY,CASEY'S GENERAL STORE
CASEY'S GENERAL STORE #1002 / GRAND JUNCTION,CASEY'S GENERAL STORE
CASEY'S GENERAL STORE #2523 / MONROE,CASEY'S GENERAL STORE
CASEY'S GENERAL STORE #2563 / EXIRA,CASEY'S GENERAL STORE
CASEY'S GENERAL STORE #1139 / NORA SPRINGS,CASEY'S GENERAL STORE
CASEY'S GENERAL STORE #2425 / AKRON,CASEY'S GENERAL STORE
CASEY'S GENERAL STORE #30 / GILMORE CITY,CASEY'S GENERAL STORE
CASEY'S GENERAL STORE #1303 / MARSHALLTOWN,CASEY'S GENERAL STORE
CASEY'S GENERAL STORE #3262 / BUFFALO,CASEY'S GENERAL STORE
CASEY'S GENERAL STORE #2566 / ELY,CASEY'S GENERAL STORE
CASEY'S GENERAL STORE #2626 / AFTON,CASEY'S GENERAL STORE
CASEY'S GENERAL STORE #2274 / SIOUX RAPIDS,CASEY'S GENERAL STORE
CASEY'S GENERAL STORE #1985 / ST. ANSGAR,CASEY'S GENERAL STORE
CASEY'S GENERAL STORE #2421 / DUBUQUE,CASEY'S GENERAL STORE
CASEY'S GENERAL STORE #2420 / DUBUQUE,CASEY'S GENERAL STORE
CASEY'S GENERAL STORE #1834 / LEON,CASEY'S GENERAL STORE
CASEY'S GENERAL STORE #40 / SCRANTON,CASEY'S GENERAL STORE
CASEY'S GENERAL STORE #2915 / BELLEVUE,CASEY'S GENERAL STORE
CASEY'S GENERAL STORE #1045 / DELMAR,CASEY'S GENERAL STORE
CASEY'S GENERAL STORE #2994 / LAUREN,CASEY'S GENERAL STORE
CASEY'S GENERAL STORE #2924 / MARION,CASEY'S GENERAL STORE
CASEY'S GENERAL STORE #1898 / OSCEOLA,CASEY'S GENERAL STORE
FILL R UP,FILL R UP
CASEY'S GENERAL STORE #2303 / GLIDDEN,CASEY'S GENERAL STORE
FAREWAY STORES #902 / HAMPTON,FAREWAY STORES
CASEY'S GENERAL STORE #2594 / WALKER,CASEY'S GENERAL STORE
CASEY'S GENERAL STORE #2913 / COLO,CASEY'S GENERAL STORE
CASEY'S GENERAL STORE #2845 / URBANA,CASEY'S GENERAL STORE
CASEY'S GENERAL STORE #2493 / BUFFALO,CASEY'S GENERAL STORE
CASEY'S GENERAL STORE #1892 / SHEFFIELD,CASEY'S GENERAL STORE
KUM & GO #229 / SIOUX CITY,KUM & GO
CASEY'S GENERAL STORE #2614 / DONNELLSON,CASEY'S GENERAL STORE
CASEY'S GENERAL STORE #2552 / GOLDFIELD,CASEY'S GENERAL STORE
HOMETOWN FOODS / TRAER,HOMETOWN FOODS
KUM & GO #226 / SIOUX CITY,KUM & GO
OSAGE PAYLESS FOODS,OSAGE PAYLESS FOODS
CASEY'S GENERAL STORE #2914 / HARLAN,CASEY'S GENERAL STORE
CASEY'S GENERAL STORE #2989 / MECHANICSVILLE,CASEY'S GENERAL STORE
THE MOLEHILL,THE MOLEHILL
KUM & GO #228 / SIOUX CITY,KUM & GO
KUM & GO #508 / CEDAR RAPIDS,KUM & GO
SELECT MART / SIOUX CITY,SELECT MART
CAR-GO-EXPRESS / SUTHERLAND,CAR-GO-EXPRESS
CASEY'S GENERAL STORE #2357 / ALLISON,CASEY'S GENERAL STORE
CASEY'S GENERAL STORE #1330 / HAMBURG,CASEY'S GENERAL STORE
CASEY'S GENERAL STORE #2304 / SLATER,CASEY'S GENERAL STORE
CASEY'S GENERAL STORE #2551 / WOODWARD,CASEY'S GENERAL STORE
CASEY'S GENERAL STORE #2592 / FARMINGTON,CASEY'S GENERAL STORE
SMOKIN' JOE'S #9 TOBACCO AND LIQUOR OUTLET,SMOKIN' JOE'S
JIFFY #926 / SPIRIT LAKE,JIFFY
J & C GROCERY / DUMONT,J & C GROCERY
CASEY'S GENERAL STORE #2561 / FARLEY,CASEY'S GENERAL STORE
SAM'S MINI MART / SIOUX CITY,SAM'S MINI MART
DYNO'S #53 / SIBLEY,DYNO'S
CASEY'S GENERAL STORE #3045 / CEDAR FALLS,CASEY'S GENERAL STORE
CASEY'S GENERAL STORE #3052 / CLARION,CASEY'S GENERAL STORE
DYNO'S #29 / EMMETSBURG,DYNO'S
QUIK TRIP #554 / SW 63RD DM,QUIK TRIP
QUIK TRIP #559 / FLEUR DR DM,QUIK TRIP
QUIK TRIP #534 / E UNIVERSITY DM,QUIK TRIP
QUIK TRIP #501 / E EUCLID DM,QUIK TRIP
QUIK TRIP #500 / HUBBELL DM,QUIK TRIP
KUM & GO #207 / HUBBELL DM,KUM & GO
KUM & GO #4110 / GUTHRIE DM,KUM & GO
CHEAP SMOKES / BEER CITY,CHEAP SMOKES
KUM & GO #208 / SE 14TH DM,KUM & GO
PIT STOP LIQUORS / NEWTON,PIT STOP LIQUORS
KUM & GO #509 / MARION,KUM & GO
CASEY'S GENERAL STORE #1024 / GUTTEN,CASEY'S GENERAL STORE
CASEY'S GENERAL STORE #3050 / COUNCIL BLUFFS,CASEY'S GENERAL STORE
KUM & GO #579 / ANKENY,KUM & GO
CASEY'S GENERAL STORE #2992 / FONDA,CASEY'S GENERAL STORE
SPARKY'S ONE STOP / CARROLL,SPARKY'S ONE STOP
LICKETY LIQUOR,LICKETY LIQUOR
SMOKIN' JOE'S #3 TOBACCO AND LIQUOR OUTLET,SMOKIN' JOE'S
CASEY'S GENERAL STORE #23 / MAXWELL,CASEY'S GENERAL STORE
QUIK TRIP #544 / SE 14TH DM,QUIK TRIP
CASEY'S GENERAL STORE #1493 / VAN METER,CASEY'S GENERAL STORE
KWIK SHOP #568 / HIAWATHA,KWIK SHOP
KWIK SHOP #527 / COUNCIL BLUFFS,KWIK SHOP
CASEY'S GENERAL STORE #1388 / SULLY,CASEY'S GENERAL STORE
OELWEIN BOTTLE AND CAN INC.,OELWEIN BOTTLE AND CAN
KWIK SHOP #541 / GLENWOOD,KWIK SHOP
EZ STOP / DAVENPORT,EZ STOP
THUNDER RIDGE AMPRIDE,THUNDER RIDGE AMPRIDE
KWIK SHOP #520 / CARTER LAKE,KWIK SHOP
KWIK SHOP #565 / CEDAR RAPIDS,KWIK SHOP
KWIK SHOP #563 / CEDAR RAPIDS,KWIK SHOP
KWIK SHOP #561 / CEDAR RAPIDS,KWIK SHOP
KWIK SHOP #560 / CEDAR RAPIDS,KWIK SHOP
GD XPRESS / DAVENPORT,GD XPRESS
MART STOP #1 / DAVENPORT,MART STOP
KUM & GO #573 / SE 14TH DM,KUM & GO
LIQUOR AND TOBACCO OUTLET / UNIV AVE WATERLOO,LIQUOR AND TOBACCO OUTLET
CUBBY'S RED OAK,CUBBY'S
KWIK SHOP #588 / DAVENPORT,KWIK SHOP
KWIK SHOP #589 / ELDRIDGE,KWIK SHOP
B AND B EAST / WATERLOO,B AND B EAST
PRIME MART / BROADWAY WATERLOO,PRIME MART
LOOFTS ON 9 LIQUOR HERE OR LIQUOR THERE,LOOFTS ON 9 LIQUOR HERE OR LIQUOR THERE
CASEY'S GENERAL STORE #2300 / JEWELL,CASEY'S GENERAL STORE
BRADY MART FOOD & LIQUOR,BRADY MART
CASEY'S GENERAL STORE #1617 / JEFFERSON,CASEY'S GENERAL STORE
KUM & GO #510 / STUART,KUM & GO
CASEY'S GENERAL STORE #2237 / PRAIRIE CITY,CASEY'S GENERAL STORE
CASEY'S GENERAL STORE #2301 / AMES,CASEY'S GENERAL STORE
CASEY'S GENERAL STORE #2526 / WELLSBURG,CASEY'S GENERAL STORE
CASEY'S GENERAL STORE #3027 / IOWA FALLS,CASEY'S GENERAL STORE
CASEY'S GENERAL STORE #2802 / CONRAD,CASEY'S GENERAL STORE
HILL BROTHERS JIFFY MART / CEDAR RAPIDS,HILL BROTHERS JIFFY MART
QUIK TRIP #531 / GRIMES,QUIK TRIP
CASEY'S GENERAL STORE #3077 / PEOSTA,CASEY'S GENERAL STORE
CASEY'S GENERAL STORE #24 / BOONE,CASEY'S GENERAL STORE
CASEY'S GENERAL STORE #2896 / ANKENY,CASEY'S GENERAL STORE
CLEAR LAKE PAYLESS FOODS,PAYLESS FOODS
VOM FASS / DES MOINES,VOM FASS
SONNY'S SUPER MARKET / WEST POINT,SONNY'S SUPER MARKET
KUM & GO #227 / AMES,KUM & GO
KUM & GO #113 / AMES,KUM & GO
COSTCO WHOLESALE #1111 / CORALVILLE,COSTCO WHOLESALE
FAREWAY STORES #124 / ADEL,FAREWAY STORES
WALGREENS #12393 / CEDAR RAPIDS,WALGREENS
INDY 66 #928 / INDIANOLA,INDY 66
KWIK STOP FOOD MART,KWIK STOP
KUM & GO #517 / CEDAR RAPIDS,KUM & GO
WALGREENS #10770 / CARROLL,WALGREENS
WALGREENS #11759 / FORT MADISON,WALGREENS
SUPER STOP AND SHOP / BALDWIN,SUPER STOP AND SHOP
WALGREENS #05886 / KEOKUK,WALGREENS
RINA MART LLC / DAVENPORT,RINA MART
WALGREENS #09791 / ALTOONA,WALGREENS
QUIK TRIP #517 / WEST DES MOINES,QUIK TRIP
SOUTHSIDE LIQUOR & TOBACCO / IOWA CITY,SOUTHSIDE LIQUOR & TOBACCO
QUALITY QUICK STOP,QUALITY QUICK STOP
WALGREENS #06553 / BETTENDORF,WALGREENS
J & C GROCERY / ALLISON,J & C GROCERY
WALGREENS #11193 / BOONE,WALGREENS
WALGREENS #05361 / FORT DODGE,WALGREENS
WALGREENS #00910 / SIOUX CITY,WALGREENS
WALGREENS #05977 / CORALVILLE,WALGREENS
WALGREENS #05144 / CLINTON,WALGREENS
WALGREENS #05119 / CLINTON,WALGREENS
NO FRILLS SUPERMARKETS #803 / GLENWOOD,NO FRILLS SUPERMARKETS
WALGREENS #12108 / AMES,WALGREENS
WALGREENS #09708 / DUBUQUE,WALGREENS
WALGREENS #06154 / DUBUQUE,WALGREENS
WALGREENS #11942 / DUBUQUE,WALGREENS
WALGREENS #10985 / CORALVILLE,WALGREENS
WALGREENS #05943 / INDIANOLA,WALGREENS
WALGREENS #06678 / WEST DES MOINES,WALGREENS
WALGREENS #11153 / SPENCER,WALGREENS
WALGREENS #05512 / BETTENDORF,WALGREENS
WALGREENS #06623 / WEST DES MOINES,WALGREENS
WALGREENS #06677 / WEST DES MOINES,WALGREENS
CHARITON BP,CHARITON BP
WALGREENS #05044 / BURLINGTON,WALGREENS
WALGREENS #09476 / BURLINGTON,WALGREENS
WALGREENS #10557 / CEDAR FALLS,WALGREENS
WALGREENS #05942 / NEWTON,WALGREENS
CASEY'S GENERAL STORE #1548 / ANKENY,CASEY'S GENERAL STORE
WALGREENS #07454 / ANKENY,WALGREENS
WALGREENS #07996 / ANKENY,WALGREENS
WALGREENS #05077 / IOWA CITY,WALGREENS
WALGREENS #05944 / JOHNSTON,WALGREENS
WALGREENS #05060 / CLIVE,WALGREENS
WALGREENS #07967 / CLIVE,WALGREENS
WALGREENS #03773 / URBANDALE,WALGREENS
WALGREENS #04973 / URBANDALE,WALGREENS
WALGREENS #01301 / OTTUMWA,WALGREENS
WALGREENS #03876 / MARION,WALGREENS
WALGREENS #11330 / STORM LAKE,WALGREENS
CASEY'S GENERAL STORE #2284 / COUNCIL BLUFFS,CASEY'S GENERAL STORE
WALGREENS #05306 / COUNCIL BLUFFS,WALGREENS
WALGREENS #04405 / COUNCIL BLUFFS,WALGREENS
WALGREENS #03700 / COUNCIL BLUFFS,WALGREENS
FAMILY FARE #791,FAMILY FARE
WALGREENS #03875 / CEDAR RAPIDS,WALGREENS
WALGREENS #05042 / CEDAR RAPIDS,WALGREENS
WALGREENS #05885 / MUSCATINE,WALGREENS
WALGREENS #11709 / DAVENPORT,WALGREENS
WALGREENS #06186 / DAVENPORT,WALGREENS
WALGREENS #05239 / DAVENPORT,WALGREENS
WALGREENS #04041 / DAVENPORT,WALGREENS
WALGREENS #03595 / DAVENPORT,WALGREENS
GASLAND / BURLINGTON,GASLAND
CASEY'S GENERAL STORE #2521 / ADAIR,CASEY'S GENERAL STORE
WALGREENS #12148 / WAVERLY,WALGREENS
WALGREENS #05941 / MASON CITY,WALGREENS
WALGREENS #03196 / MARSHALLTOWN,WALGREENS
EZ MART / BONDURANT,EZ MART
WALGREENS #10855 / WATERLOO,WALGREENS
WALGREENS #07455 / WATERLOO,WALGREENS
WALGREENS #03590 / WATERLOO,WALGREENS
HUBER'S STORE INC.,HUBER'S STORE
KWIK STOP C-STORES / DUBUQUE,KWIK STOP
KEYWEST CONOCO / DUBUQUE,KEYWEST CONOCO
CASEY'S GENERAL STORE #3075 / ANKENY,CASEY'S GENERAL STORE
ELMA LOCKER AND GROCERY,ELMA LOCKER AND GROCERY
CASEY'S GENERAL STORE #3080 / HUDSON,CASEY'S GENERAL STORE
CASEY'S GENERAL STORE #3034 / ESTHERVILLE,CASEY'S GENERAL STORE
CASEY'S GENERAL STORE #37 / DAKOTA CITY,CASEY'S GENERAL STORE
CASEY'S GENERAL STORE #3730 / PAULLINA,CASEY'S GENERAL STORE
CASEY'S GENERAL STORE #3030 / STORM LAKE,CASEY'S GENERAL STORE
CASEY'S GENERAL STORE #3782 / MOUNT AYR,CASEY'S GENERAL STORE
CASEY'S GENERAL STORE #3043 / BRITT,CASEY'S GENERAL STORE
CASEY'S GENERAL STORE #3079 / EARLY,CASEY'S GENERAL STORE
CASEY'S GENERAL STORE #2529 / LAMONI,CASEY'S GENERAL STORE
CASEY'S GENERAL STORE #1684 / EMMETSBURG,CASEY'S GENERAL STORE
CASEY'S GENERAL STORE #2835 / AVOCA,CASEY'S GENERAL STORE
CASEY'S GENERAL STORE #1706 / WINTERSET,CASEY'S
380BP / SWISHER,BP
WALGREENS #12580 / CEDAR RAPIDS,WALGREENS
KATY DID'S GENERAL STORE,KATY DID'S
MEDIAPOLIS FAST BREAK,MEDIAPOLIS
WALGREENS #05470 / SIOUX CITY,WALGREENS
CASEY'S GENERAL STORE #2899 / DE SOTO,CASEY'S
FORT MADISON FAST BREAK,FORT MADISON
SMOKIN' JOE'S #17 TOBACCO AND LIQUOR OUTLET,SMOKIN' JOE'S
WALGREENS #00359 / DES MOINES,WALGREENS
WALGREENS #04714 / DES MOINES,WALGREENS
WALGREENS #05362 / DES MOINES,WALGREENS
WALGREENS #05721 / DES MOINES,WALGREENS
WALGREENS #05777 / DES MOINES,WALGREENS
WALGREENS #07968 / DES MOINES,WALGREENS
WALGREENS #05852 / DES MOINES,WALGREENS
WALGREENS #07452 / DES MOINES,WALGREENS
WALGREENS #07453 / DES MOINES,WALGREENS
WALGREENS #07833 / DES MOINES,WALGREENS
LIQUOR TOBACCO & GROCERY / FORT DODGE,LIQUOR TOBACCO & GROCERY
GIRI'S LIQUOR STORE / WEST LIBERTY,GIRI'S
WILLIAMSBURG FOODS,WILLIAMSBURG
CB QUICK STOP / COUNCIL BLUFFS,CB QUICK STOP
KUM & GO #518 / ANKENY,KUM & GO
CASEY'S GENERAL STORE #1327 / LOVILIA,CASEY'S
CASEY'S GENERAL STORE #3217 / KNOXVILLE,CASEY'S
DECORAH MART,DECORAH
SUPER STOP 2 / ALTOONA,SUPER STOP
CASEY'S GENERAL STORE #3215 / OSKALOOSA,CASEY'S
CASEY'S GENERAL STORE #3223 / CRESTON,CASEY'S
CASEY'S GENERAL STORE #3852 / CRESTON,CASEY'S
CASEY'S GENERAL STORE #3212 / OSCEOLA,CASEY'S
CASEY'S GENERAL STORE #3228 / MARSHALLTOWN,CASEY'S
CENTRAL CITY 2,CENTRAL CITY
L & M GAS & GROCERY / BOONE,L & M
KUM & GO #52 / IOWA CITY,KUM & GO
KUM & GO #51 / IOWA CITY,KUM & GO
CASEY'S GENERAL STORE #2448 / OGDEN,CASEY'S
COZY MART,COZY MART
STEWART ROAD FAST BREAK,STEWART ROAD
IOWA CITY FAST BREAK,IOWA CITY
CASEY'S GENERAL STORE #2697 / ONAWA,CASEY'S
SLAGLE FOODS LECLAIRE,SLAGLE FOODS
KUM & GO #246 / WINTERSET,KUM & GO
C FRESH MARKET,C FRESH
KUM & GO #520 / CEDAR RAPIDS,KUM & GO
KUM & GO #62 / JOHNSTON,KUM & GO
CASEY'S GENERAL STORE #3029 / ARMSTRONG,CASEY'S
CASEY'S GENERAL STORE #3200 / STRAWBERRY POINT,CASEY'S
BROTHERS MARKET / LISBON,BROTHERS MARKET
WESTLAND FAST BREAK,WESTLAND
HWY 34 TRUCKSTOP,HWY 34
CIRCLE K #6604 / BURLINGTON,CIRCLE K
THE STATION / CEDAR RAPIDS,THE STATION
CLINTON LIQUOR & CONVENIENCE STORE,CLINTON LIQUOR & CONVENIENCE
TOBACCO HUT #18 / COUNCIL BLUFFS,TOBACCO HUT
SPEEDY GAS N SHOP,SPEEDY GAS N SHOP
KUM & GO #59 / WAUKEE,KUM & GO
CASEY'S GENERAL STORE #2644 / EARLHAM,CASEY'S
CASEY'S GENERAL STORE #2559 / GRANGER,CASEY'S
QUICK MART / HIAWATHA,QUICK MART
WORLD LIQUOR & TOBACCO,WORLD LIQUOR & TOBACCO
SHORTEE'S PIT STOP,SHORTEE'S
SAM'S MINI MART / MORNINGSIDE AVE SIOUX CITY,SAM'S MINI MART
CASEY'S GENERAL STORE #1567 / ANITA,CASEY'S
CASEY'S GENERAL STORE #3026 / ST CHARLES,CASEY'S
TOBACCO HUT #11 / SIOUX CITY,TOBACCO HUT
SNK GAS & FOOD LLC,SNK
KUM & GO #66 / WEST DES MOINES,KUM & GO
CIRCLE S BLUFF STOP,CIRCLE S
CASEY'S GENERAL STORE #3210 / URBANDALE,CASEY'S
SCHOTTSY'S LIQUOR,SCHOTTSY'S
CASEY'S GENERAL STORE #3098 / WDM,CASEY'S
BIG DISCOUNT LIQUOR,BIG DISCOUNT
BARRYS MINI MART,BARRYS
GASLAND #102 / BURLINGTON,GASLAND
BURLINGTON SHELL,BURLINGTON SHELL
GRAETTINGER MARKET,GRAETTINGER
KWIK STOP 4 / WATERLOO,KWIK STOP
FAREWAY STORES #137 / POLK CITY,FAREWAY
BROADWAY LIQUOR,BROADWAY
LARCHWOOD QUICK STOP,LARCHWOOD
PRIME MART / CEDAR FALLS,PRIME MART
ZAPF'S PRONTO MARKET,ZAPF'S
PRIME MART #3 / WATERLOO,PRIME MART
CASEY'S GENERAL STORE #1061 / PRINCETON,CASEY'S
CASEY'S GENERAL STORE #2531 / ELDRIDGE,CASEY'S
CASEY'S GENERAL STORE #2429 / BETTENDORF,CASEY'S
KUM & GO #115 / PERRY,KUM & GO
KUM & GO #4084 / ALTOONA,KUM & GO
MARKET EXPRESS,MARKET EXPRESS
CASEY'S GENERAL STORE #2270 / AURELIA,CASEY'S
KUM & GO #576 / WEST DES MOINES,KUM & GO
CASEY'S GENERAL STORE #1680 / ADEL,CASEY'S
CASEY'S GENERAL STORE #3251 / BOONE,CASEY'S
B AND B WEST,B AND B
RIVER MART,RIVER MART
CASEY'S GENERAL STORE #2811 / SPRINGVILLE,CASEY'S
ALI'S LIQUOR,ALI'S
ROCSTOP,ROCSTOP
PRONTO MARKET,PRONTO
CAMBRIDGE COUNTRY STORE,CAMBRIDGE
KUM & GO #170 / URBANDALE,KUM & GO
EAST VILLAGE PANTRY,EAST VILLAGE
JIFFY EXPRESS / MARTENSDALE,JIFFY EXPRESS
OSAGE LIQUORS,OSAGE
THE MUSIC STATION,THE MUSIC STATION
WHEATLAND DAY BREAK,WHEATLAND
RIVER DRIVE SMOKE SHOP,RIVER DRIVE
KUM & GO #514 / CEDAR RAPIDS,KUM & GO
SUB EXPRESS & GAS,SUB EXPRESS
TRI STOP,TRI STOP
THE COOLER,THE COOLER
FIVE CORNERS LIQUOR & WINE,FIVE CORNERS
BANI'S,BANI'S
AJ'S LIQUOR III,AJ'S
HILLTOP GROCERY,HILLTOP
JEFF'S MARKET / BLUE GRASS,JEFF'S MARKET
CASEY'S GENERAL STORE #3042 / BROOKLYN,CASEY'S
LAKE LIQUORS WINE AND SPIRITS,LAKE LIQUORS
JEFF'S MARKET / WEST LIBERTY,JEFF'S MARKET
FAREWAY STORES #138 / PLEASANT HILL,FAREWAY
QUILLINS QUALITY FOODS MONONA,QUILLINS
QUILLINS QUALITY FOODS WEST UNION,QUILLINS
WALGREENS #15647 / SIOUX CITY,WALGREENS
PRIME MART / WATERLOO,PRIME MART
PRONTO BP,PRONTO
SINCLAIR FOOD MART,SINCLAIR
KIMMES COUNTRY STORE ALTA 05,KIMMES
FAST AVE ONE STOP,FAST AVE
CASEY'S GENERAL STORE #2519 / MERRILL,CASEY'S
218 FUEL EXPRESS & CHUBBY'S LIQUOR,218 FUEL EXPRESS
HAPPY'S WINE & SPIRITS,HAPPY'S
CASEY'S GENERAL STORE #3322 / IOWA CITY,CASEY'S
FASTTRAK,FASTTRAK
OLD 34 GAS & GRILL,OLD 34
SITE FOOD MART,SITE
DOWNTOWN PANTRY,DOWNTOWN
LAKE CITY FOOD CENTER,LAKE CITY
CASEY'S GENERAL STORE #2680 / CLARKS,CASEY'S
CASEY'S GENERAL STORE #3319 / NEVADA,CASEY'S
THE MUSIC STATION / INDEPENDENCE,THE MUSIC STATION
FAMOUS LIQUORS,FAMOUS
IDA GROVE FOOD PRIDE,IDA GROVE
LAURENS FOOD PRIDE,LAURENS
KWIK STOP 16TH STREET #325,KWIK STOP
BROTHER'S MARKET / DENVER,BROTHER'S MARKET
SAC CITY FOOD PRIDE,SAC CITY
LANSING IGA,LANSING
PETROMART STANWOOD,PETROMART
KUM & GO #608 / OKOBOJI,KUM & GO
HAWKEYE CONVENIENCE STORES / 16TH AV,HAWKEYE CONVENIENCE STORES
HAWKEYE CONVENIENCE STORES / WILEY,HAWKEYE CONVENIENCE STORES
HAWKEYE CONVENIENCE STORES / 1ST AVE,HAWKEYE CONVENIENCE STORES
HARD ROCK HOTEL & CASINO SIOUX CITY,HARD ROCK
MIDTOWN LIQUOR,MIDTOWN LIQUOR
THE LIQUOR STOP LLC,THE LIQUOR STOP
LIQUOR TOBACCO & GROCERIES,LIQUOR TOBACCO & GROCERIES
CASEY'S GENERAL STORE #3205 / COUNCI,CASEY'S
CASEY'S GENERAL STORE #3384 / SOLON,CASEY'S
WILTON EXPRESS,WILTON
CASEY'S GENERAL STORE #3309 / MONTEZ,CASEY'S
SUPER STOP III / DUBUQUE,SUPER STOP
CASEY'S GENERAL STORE #3202 / CRESCE,CASEY'S
WEST K MART,WEST K
FAREWAY STORES #147 / CARLISLE,FAREWAY
OASIS,OASIS
CASEY'S GENERAL STORE #3220 / GREENF,CASEY'S
CORK 'N BOTTLE / MANCHESTER,CORK 'N BOTTLE
LATIMER COMMUNITY GROCERY,LATIMER COMMUNITY
COUNCIL BLUFFS SINCLAIR,SINCLAIR
KUM & GO #535 / DES MOINES,KUM & GO
KUM & GO #542 / URBANDALE,KUM & GO
CASEY'S GENERAL STORE #1125 / HUMEST,CASEY'S
L&M MIGHTY SHOP,L&M MIGHTY
CASEY'S GENERAL STORE #3382 / CEDAR,CASEY'S
CASEY'S GENERAL STORE #2318 / MONTRO,CASEY'S
LOGAN CONVENIENCE STORE,LOGAN CONVENIENCE STORE
CASEY'S GENERAL STORE #2777 / FAIRFA,CASEY'S
CIRCLE S GORDON DRIVE,CIRCLE S
ONE STOP LIQUOR,ONE STOP
TOBACCO SHOP / ARNOLDS PARK,TOBACCO SHOP
CASEY'S GENERAL STORE #1705 / LAKE M,CASEY'S
JEFF'S MARKET / WILTON,JEFF'S MARKET
JEFF'S MARKET / DURANT,JEFF'S MARKET
PEP STOP,PEP STOP
"WILLIAMS BOULEVARD SERVICE, INC.",WILLIAMS BOULEVARD
PRONTO MARKET  / NEW SHARON,PRONTO
CUBBY'S SIOUX CITY,CUBBY'S
WAL-MART 3150 / COUNCIL BLUFFS,WAL-MART
CASEY'S GENERAL STORE #2096 / COUNCI,CASEY'S
CASEY'S GENERAL STORE #2489 / DENISO,CASEY'S
C'S LIQUOR STORE,C'S LIQUOR
CASEY'S GENERAL STORE #3035 / ATLANT,CASEY'S
CASEY'S GENERAL STORE #2365 / ATLANT,CASEY'S
CENTRAL MART,CENTRAL MART
"CENTRAL MART I, LLC.",CENTRAL MART
QUIK-PIK  /  LOGAN,QUIK-PIK
KUM & GO #768 / HOSPERS,KUM & GO
MOS MINI MART,MOS MINI
KUM & GO #437 / MUSCATINE,KUM & GO
KUM & GO #1436 / MUSCATINE,KUM & GO
KUM & GO #3035 / WEST DES MOINES,KUM & GO
CASEY'S GENERAL STORE #2778 / CEDAR,CASEY'S GENERAL STORE
WALGREENS #11710 / NORTH LIBERTY,WALGREENS
FAREWAY STORES #151 / CEDAR RAPIDS,FAREWAY STORES
BEST FOOD MART 3  LLC,BEST FOOD MART
CASEY'S GENERAL STORE #2164 / ANKENY,CASEY'S GENERAL STORE
SAM'S FOOD,SAM'S
NEW STAR  /  FLETCHER AVE,NEW STAR
WILKIE LIQUORS,WILKIE LIQUORS
RUSTIC LURE WINE AND SPIRITS,RUSTIC LURE
THREE BROTHERS LIQUORS,THREE BROTHERS
RANDY'S NEIGHBORHOOD MARKET,RANDY'S
KUM & GO #4098 / WINDSOR HEIGHTS,KUM & GO
TOBACCO 4 LESS / STATE ST,TOBACCO 4 LESS
CASEY'S GENERAL STORE #3404 / CARLIS,CASEY'S GENERAL STORE
RAMSEY'S MARKET LIQUOR,RAMSEY'S MARKET
CREEKSIDE MARKET,CREEKSIDE MARKET
THE BOTTLE SHOP,THE BOTTLE SHOP
"RAY'S SUPERMARKET, INC.",RAY'S SUPERMARKET
CASEY'S GENERAL STORE #2612 / MISSOU,CASEY'S GENERAL STORE
PRONTO MARKET / MANLY,PRONTO MARKET
NEW STAR MART  /  NEWTON,NEW STAR
FOOD & GAS MART  /  MARSHALLTOWN,FOOD & GAS MART
KWIK STOP #82  /  PEOSTA,KWIK STOP
CORWITH FARM SERVICE,CORWITH FARM
CASEY'S GENERAL STORE #3442 / MAPLET,CASEY'S GENERAL STORE
PRICE CHOPPER  /  JOHNSTON,PRICE CHOPPER
CASH SAVER  /  E EUCLID AVE,CASH SAVER
PRICE CHOPPER  /  MERLE HAY #1315,PRICE CHOPPER
PRICE CHOPPER  /  INGERSOLL,PRICE CHOPPER
PRICE CHOPPER  /  BEAVER #1310,PRICE CHOPPER
CASH SAVER  /  FLEUR,CASH SAVER
DON'S FOOD CENTER,DON'S FOOD CENTER
PRIME MART #6  /  CHARLES CITY,PRIME MART
FAREWAY STORES #155 / HUXLEY,FAREWAY STORES
KELLOGG COUNTRY STORE,KELLOGG COUNTRY STORE
A TO Z LIQUOR,A TO Z LIQUOR
CASEY'S GENERAL STORE #3418 / GOWRIE,CASEY'S GENERAL STORE
SMOKIN' JOE'S #13 TOBACCO AND LIQUOR OUTLET,SMOKIN' JOE'S
SAM'S CLUB 6979 / ANKENY,SAM'S CLUB
SOUTH SIDE FOOD MART,SOUTH SIDE FOOD MART
FAREWAY STORES #153  /  W DES MOINES,FAREWAY STORES
VICTOR'S MARKET,VICTOR'S MARKET
MAIN ST MARKET  /  HOLY CROSS,MAIN ST MARKET
B S MINI MART INC,B S MINI MART
CASEY'S GENERAL STORE #2815  /  VICT,CASEY'S GENERAL STORE
IDA LIQUOR,IDA LIQUOR
OAK STREET STATION LLC,OAK STREET STATION
LAKE PARK FOODS,LAKE PARK FOODS
NEW STAR  /  ANSBOROUGH AVE,NEW STAR
CASEY'S GENERAL STORE #1020  / LE CL,CASEY'S GENERAL STORE
KIMMES MANSON COUNTRY STORE #10,KIMMES MANSON COUNTRY STORE
BUCKY'S EXPRESS #19 / COUNCIL BLUFFS,BUCKY'S EXPRESS
KIMMES ROCKWELL CITY COUNTRY STORE #,KIMMES ROCKWELL CITY COUNTRY STORE
AMERISTAR CASINO COUNCIL BLUFFS GIFT,AMERISTAR CASINO
URBANDALE LIQUOR,URBANDALE LIQUOR
GASLAND EXPRESS  /  MT PLEASANT,GASLAND EXPRESS
BUCKY'S EXPRESS #22 / COUNCIL BLUFFS,BUCKY'S EXPRESS
NEW STAR LIQUOR & TOBACCO  / FT DODG,NEW STAR
AV SUPERSTOP,AV SUPERSTOP
CASEY'S GENERAL STORE #1414  / STATE,CASEY'S GENERAL STORE
GARY'S LIQUOR & WINE LTD,GARY'S LIQUOR & WINE
UPTOWN LIQUOR & TOBACCO,UPTOWN LIQUOR
AUDUBON FOOD LAND,AUDUBON FOOD LAND
JIM'S FOOD   /  SULLIVAN AVE,JIM'S FOOD
KWIK STOP DELHI,KWIK STOP
SMOKIN' JOE'S #15 TOBACCO AND LIQUOR OUTLET,SMOKIN' JOE'S
CASEY'S GENERAL STORE #3204 / MINDEN,CASEY'S GENERAL STORE
BAXTER FAMILY MARKET,BAXTER FAMILY MARKET
CASEY'S GENERAL STORE #3434  /  DENV,CASEY'S GENERAL STORE
KWIK SHOP #595  /  W BROADWAY,KWIK SHOP
CASEY'S GENERAL STORE #77 / CASCADE,CASEY'S GENERAL STORE
CASEY'S GENERAL STORE #3440 / CAMANC,CASEY'S GENERAL STORE
KUM & GO #521  /  CORALVILLE,KUM & GO
CASEY'S GENERAL STORE #3452 / WEST U,CASEY'S GENERAL STORE
KWIK STOP LIQUOR & GROCERIES AMES,KWIK STOP
KUM & GO #251 / SIOUX CITY,KUM & GO
GUPPY'S ON THE GO / WALFORD,GUPPY'S ON THE GO
CASEY'S GENERAL STORE #1534 / GUTHRI,CASEY'S GENERAL STORE
CASEY'S GENERAL STORE #2518 / LOHRVI,CASEY'S GENERAL STORE
SHELBY GENERAL STORE,SHELBY GENERAL STORE
CASEY'S GENERAL STORE #3203 / COUNCI,CASEY'S GENERAL STORE
THE DEPOT CORALVILLE,THE DEPOT
KUM & GO #201 / CORALVILLE,KUM & GO
RIVERSIDE LIQUOR,RIVERSIDE LIQUOR
OTTER CREEK COUNTRY STORE,OTTER CREEK COUNTRY STORE
KWIK STOP  #858  /  DUBUQUE,KWIK STOP
CASEY'S GENERAL STORE #2900 / GILBER,CASEY'S GENERAL STORE
KIMMES COON RAPIDS COUNTRY STORE #12,KIMMES COON RAPIDS COUNTRY STORE
QUIK STOP  /  BURLINGTON,QUIK STOP
GLIDDEN GROCERY,GLIDDEN GROCERY
BROTHERS MARKET  /  GRUNDY CENTER,BROTHERS MARKET
JIM'S FOODS  /  CEDAR RAPIDS,JIM'S FOODS
OLSEN'S BP,OLSEN'S
KWIK STOP #848 / DUBUQUE,KWIK STOP
DING'S HONK'N HOLLER,DING'S
KUM & GO #129  /  JOHNSTON,KUM & GO
GARNER ONE STOP,GARNER ONE STOP
FAS MART #5148 / CEDAR RAPIDS,FAS MART
CODY MART,CODY MART
CASEY'S GENERAL STORE #2683  /  RUNN,CASEY'S GENERAL STORE
CASEY'S GENERAL STORE #1511 / SEYMOU,CASEY'S GENERAL STORE
GASLAND EXPRESS / CHARITON,GASLAND EXPRESS
KIRKWOOD LIQUOR & TOBACCO,KIRKWOOD LIQUOR & TOBACCO
GASLAND EXPRESS / CORYDON,GASLAND EXPRESS
LEO1  /  CEDAR RAPIDS,LEO1
CASEY'S GENERAL STORE #1503 / TABOR,CASEY'S GENERAL STORE
KEYSTONE LIQUOR & WINE / CORALVILLE,KEYSTONE LIQUOR & WINE
THE STATION II / NORTH LIBERTY,THE STATION II
KC BROTHERS,KC BROTHERS
FLAMING HOT FISH AND CHICKEN LLC,FLAMING HOT FISH AND CHICKEN
ANTHON MINI MART,ANTHON MINI MART
CASEY'S GENERAL STORE #3422 / NORWAL,CASEY'S GENERAL STORE
POINT LIQUOR & TOBACCO,POINT LIQUOR & TOBACCO
CASEY'S GENERAL STORE #27  /  AUDUBO,CASEY'S GENERAL STORE
CASEY'S GENERAL STORE #2640 / PLEASA,CASEY'S GENERAL STORE
CASEY'S GENERAL STORE #3473 / DUBUQU,CASEY'S GENERAL STORE
KUM & GO #540 / WAUKEE,KUM & GO
"GIGGLE JUICE LIQUOR STATION, LLC",GIGGLE JUICE LIQUOR STATION
WORLD LIQUOR & TOBACCO + VAPE,WORLD LIQUOR & TOBACCO
NEW STAR / FORT DODGE,NEW STAR
LEFTY'S CONVENIENCE STORE INC.,LEFTY'S CONVENIENCE STORE
CASEY'S GENERAL STORE #3463 / WEST B,CASEY'S GENERAL STORE
BP  /  DUBUQUE,BP
KUM & GO #3502 / IOWA CITY,KUM & GO
THE OX & WREN SPIRITS AND GIFTS,THE OX & WREN
BEST TRIP,BEST TRIP
CASEY'S GENERAL STORE #3476 / FOREST,CASEY'S GENERAL STORE
W-MART,W-MART
EAST SIDE LIQUOR AND TOBACCO,EAST SIDE LIQUOR AND TOBACCO
NORTHSIDE LIQUOR,NORTHSIDE LIQUOR
FREEMAN FOODS OF NORTH ENGLISH,FREEMAN FOODS
THE CORNER STORE,THE CORNER STORE
DISCOUNT LIQUOR,DISCOUNT LIQUOR
WHOLE FOODS MARKET,WHOLE FOODS MARKET
CASEY'S GENERAL STORE # 1331/ SAC CITY,CASEY'S GENERAL STORE
MAD AVE QUIK SHOP,MAD AVE QUIK SHOP
OKY DOKY # 8 FOODS,OKY DOKY
GAMEDAY LIQUOR,GAMEDAY LIQUOR
GM FOOD MART,GM FOOD MART
GM MINI MART,GM MINI MART
7-ELEVEN # 34464Z,7-ELEVEN
BERNIE'S BOOZE LLC,BERNIE'S BOOZE
CASEY'S GENERAL STORE # 2177/MITCHEL,CASEY'S GENERAL STORE
HONEY CREEK RESORT STATE PARK/ GIFT,HONEY CREEK RESORT
CROSSROADS OF ALBERT CITY,CROSSROADS
THE STATION,THE STATION
THE DEPOT ATKINS,THE DEPOT
LEFTY'S CONVENIENCE STORE INC,LEFTY'S CONVENIENCE STORE
CASEY'S GENERAL STORE # 2783/ URBAND,CASEY'S GENERAL STORE
DYERSVILLE LIQUOR MART,DYERSVILLE LIQUOR MART
CASEY'S GENERAL STORE # 2598/ PELLA,CASEY'S GENERAL STORE
FCA KINGSLEY C-STORE,FCA KINGSLEY
CASEY'S GENERAL STORE # 2417/ NEWTON,CASEY'S GENERAL STORE
CASEY'S GENERAL STORE # 3502/ STANTO,CASEY'S GENERAL STORE
CUBBY'S ONAWA,CUBBY'S
CROSSROADS OF SPENCER,CROSSROADS
CASEY'S GENERAL STORE # 2560/ AMES,CASEY'S GENERAL STORE
YESWAY STORE # 10011/ MASON CITY,YESWAY
YESWAY STORE # 10017/ FORT DODGE,YESWAY
YESWAY STORE # 10019/ MASON CITY,YESWAY
YESWAY STORE # 10026/ MASON CITY,YESWAY
BROOKLYN GROCERY,BROOKLYN GROCERY
CROSSROADS OF HUMBOLDT,CROSSROADS
SAUCE,SAUCE
YESWAY STORE # 1029/ CLARION,YESWAY
YESWAY STORE # 10016/ FORT DODGE,YESWAY
YESWAY STORE # 10020/ STORY CITY,YESWAY
YESWAY STORE # 10025/ NEWTON,YESWAY
JUMPSTART,JUMPSTART
JOHN'S QWIK STOP,JOHN'S QWIK STOP
THE BOONEDOCKS,THE BOONEDOCKS
YESWAY STORE # 10022/ WATERLOO,YESWAY
YESWAY STORE # 10023/ WATERLOO,YESWAY
YESWAY STORE # 10021/ WEBSTER CITY,YESWAY
YESWAY STORE # 10018/ WEBSTER CITY,YESWAY
DEWITT TRAVEL MART,DEWITT TRAVEL MART
PEARL CITY TOBACCO & LIQUOR OUTLET,PEARL CITY
YESWAY STORE # 10013/ OTTUMWA,YESWAY
YESWAY STORE # 10012/ OTTUMWA,YESWAY
YESWAY STORE # 10034/ BELMOND,YESWAY
CASEY'S GENERAL STORE # 3508/ MARSHA,CASEY'S GENERAL STORE
CROSSROADS OF SAC CITY,CROSSROADS
FAS MART # 5150/ CEDAR RAPIDS,FAS MART
FAS MART # 5159/ DUBUQUE,FAS MART
FAREWAY STORES #167/JOHNSTON,FAREWAY STORES
ROYAL FOOD,ROYAL FOOD
CROSSROADS OF ALGONA,CROSSROADS
THE LIQUOR STORE,THE LIQUOR STORE
"B & K ONE STOP LLC, WASHTA",B & K ONE STOP
TOBACCO HUT & LIQUOR,TOBACCO HUT
BROTHER'S MARKET WINE AND SPIRITS,BROTHER'S MARKET
BROTHER'S MARKET/ SIGOURNEY,BROTHER'S MARKET
CASEY'S GENERAL STORE # 2653 / TOLEDO,CASEY'S GENERAL STORE
WEST SIDE GROCERY,WEST SIDE GROCERY
CASEY'S GENERAL STORE # 3513/ BELLE PLAINE,CASEY'S GENERAL STORE
AVOCA FOOD LAND,AVOCA FOOD LAND
HOMETOWN FOODS / GLADBROOK,HOMETOWN FOODS
HOMETOWN FOODS / STATE CENTER,HOMETOWN FOODS
HOMETOWN FOODS / HUBBARD,HOMETOWN FOODS
ALS LIQUOR,ALS
MEGA SAVER,MEGA SAVER
CORNERSTONE APOTHECARY,CORNERSTONE
DIVA & TEJ GAS & FOOD,DIVA & TEJ
QUILLINS QUALITY FOODS POSTVILLE,QUILLINS
CASEY'S GENERAL STORE # 1536/ GEORGE,CASEY'S
CASEY'S GENERAL STORE # 3507/ GRIMES,CASEY'S
FAREWAY STORES #166/ ANAMOSA,FAREWAY
MILL ST LIQUOR,MILL ST
EXPO LIQUOR,EXPO
EXPRESS MART,EXPRESS
HOMETOWN FOODS / CONRAD,HOMETOWN FOODS
KUM & GO #539/ NW 2ND AVE,KUM & GO
PRIME STAR,PRIME STAR
KUM & GO #532/ WEST DSM,KUM & GO
JJ'S ON JOHNSON,JJ'S
CASEY'S GENERAL STORE # 3509/ CARTER LAKE,CASEY'S
FROHLICH'S SUPER VALU,FROHLICH'S
CASEY'S GENERAL STORE # 2607/ SIOUX CITY,CASEY'S
EAST SIDE LIQUOR & GROCERY,EAST SIDE
KUM & GO #1097 / 50TH WDM,KUM & GO
"SUPER LUCKY, INC",SUPER LUCKY
CASEY'S GENERAL STORE # 3564/ ROBINS,CASEY'S
CASEY'S GENERAL STORE # 3562/ MARION,CASEY'S
DOWNTOWN LIQUOR,DOWNTOWN
CASEY'S GENERAL STORE # 3565/ TRIPOLI,CASEY'S
NEW STAR / PELLA,NEW STAR
KIMMES WALL LAKE,KIMMES
CASEY'S GENERAL STORE # 3523/ ELDRIDGE,CASEY'S
CASEY'S GENERAL STORE # 3561/ CEDAR RAPIDS,CASEY'S
GAMEDAY LIQUOR/ ORANGE CITY,GAMEDAY LIQUOR
KUM & GO #1056/ BEVINGTON,KUM & GO
FAREWAY STORES #168/ PEOSTA,FAREWAY
SUPER SAVER LIQUOR,SUPER SAVER
LIQUORLAND,LIQUORLAND
CROSSROADS WINE & SPIRITS LLC,CROSSROADS
CASEY'S GENERAL STORE # 2253/ CLIVE,CASEY'S
STATION MART,STATION
"CLARKSVILLE HOMETOWN GROCERY, INC.",CLARKSVILLE HOMETOWN
LIQUOR BEER & TOBACCO OUTLET,LIQUOR BEER & TOBACCO
CASEY'S GENERAL STORE # 2618/ FREDRICKSBURG,CASEY'S
CASEY'S GENERAL STORE # 2169/ INDEPENDENCE,CASEY'S
"BORMANNS NEIGHBORHOOD PITSTOP, LLC",BORMANNS NEIGHBORHOOD
STATE FOOD MART,STATE FOOD
SODES GREEN ACRE,SODES
IOWA LIQUOR & TOBACCO,IOWA LIQUOR & TOBACCO
CASEY'S GENERAL STORE # 3518/ DES MOINES,CASEY'S
CASEY'S GENERAL STORE # 2687/ HAWARDEN,CASEY'S
CASEY'S GENERAL STORE # 2517/ ROCKWELL CITY,CASEY'S
CASEY'S GENERAL STORE # 2543/ ALBION,CASEY'S
YESWAY STORE # 1036/ KANAWHA,YESWAY
TRANSIT GENERAL STORE,TRANSIT
CASEY'S GENERAL STORE # 3546/ MONONA,CASEY'S
CASEY'S GENERAL STORE # 2870/ ALTOONA,CASEY'S
CASEY'S GENERAL STORE # 1753/ NORTHWOOD,CASEY'S
CASEY'S GENERAL STORE # 2698/ PERRY,CASEY'S
VINE FOOD & LIQUOR,VINE FOOD & LIQUOR
CASEY'S GENERAL STORE # 2494/ EAGLE GROVE,CASEY'S
CASEY'S GENERAL STORE # 3054/ WEBSTER CITY,CASEY'S
KUM & GO #119/ NORTHWOOD,KUM & GO
CASEY'S GENERAL STORE # 2511/ CRESCO,CASEY'S
PG MINI MART,PG
CASEY'S GENERAL STORE # 1896/ CLEAR LAKE,CASEY'S
CASEY'S GENERAL STORE # 1861/ BONDURANT,CASEY'S
CASEY'S GENERAL STORE # 1799/ OSAGE,CASEY'S
CASEY'S GENERAL STORE #2183/DECORAH,CASEY'S
YESWAY STORE #1037/ GRIMES,YESWAY
CASEY'S GENERAL STORE # 3512/ INDIANOLA,CASEY'S
CASEY'S GENERAL STORE # 2774/AMANA,CASEY'S
CASEY'S GENERAL STORE # 2272/COLFAX,CASEY'S
CASEY'S GENERAL STORE # 1876/MANLY,CASEY'S
WASPY'S TRUCK STOP,WASPY'S
CLINTON GAS & MART,CLINTON GAS & MART
CITY LIQUOR,CITY
GOLDEN MART,GOLDEN
THE DEPOT OXFORD LLC,THE DEPOT OXFORD
KUM & GO #524/ CORALVILLE,KUM & GO
CASEY'S GENERAL STORE # 2918/ CORALVILLE,CASEY'S
CASEY'S GENERAL STORE # 2528/ WILLIAMSBURG,CASEY'S
CASEY'S GENERAL STORE # 1441/ MARSHALLTOWN,CASEY'S
CASEY'S GENERAL STORE # 2179/ WAUKEE,CASEY'S
UMIYA FOODMART INC,UMIYA FOODMART
BLUEJAY MARKET,BLUEJAY
CASEY'S GENERAL STORE # 1029/ TAMA,CASEY'S
LIL' CHUBS CORNER STOP,LIL' CHUBS
PRIME MART 7 / WATERLOO,PRIME MART 7
DEPOT LIQUOR & GROCERY,DEPOT
CASEY'S GENERAL STORE # 2792/CEDAR RAPIDS,CASEY'S
CASEY'S GENERAL STORE # 2780/CEDAR RAPIDS,CASEY'S
CASEY'S GENERAL STORE # 3604/HINTON,CASEY'S
CASEY'S GENERAL STORE # 2212/ CEDAR RAPIDS,CASEY'S
YESWAY # 1009/ HARLAN,YESWAY
THE DEPOT MONTEZUMA LLC,THE DEPOT MONTEZUMA
STAMMER LIQUOR CORP,STAMMER LIQUOR
BEER BARN,BEER BARN
SPIRITS LIQUOR,SPIRITS LIQUOR
PRIME MART 2 / CEDAR FALLS,PRIME MART 2
BEECHER LIQUOR,BEECHER
CASEY'S GENERAL STORE # 2789/ CEDAR RAPIDS,CASEY'S
PRONTO MARKET/ GARWIN,PRONTO
HIWAY 20 LIQUOR & TOBACCO,HIWAY 20
BREW COFFEE WINE SPIRIT AND CIGARS,BREW
"BRICK STREET MARKET, LLC",BRICK STREET
"MK MINIMART, INC",MK
JUNCTION LIQUOR,JUNCTION
SMOKIN' JOE'S #8 TOBACCO AND LIQUOR OUTLET,SMOKIN' JOE'S
GREAT PASTIMES,GREAT PASTIMES
MADAME MARY,MADAME MARY
MT. PLEASANT FAST BREAK,MT. PLEASANT
QUIK-PIK,QUIK-PIK
LIQUOR ON THE CORNER,LIQUOR ON THE CORNER
1ST STOP BEVERAGE SHOP,1ST STOP
MARSHALL BEER WINE SPIRITS,MARSHALL
CASEY'S GENERAL STORE # 2781/ IOWA CITY,CASEY'S
PUMP N PAK,PUMP N PAK
NEW STAR / RAYMOND,NEW STAR
FAREWAY STORES #177/ FORT MADISON,FAREWAY
MODS MARKET,MODS
CASEY'S GENERAL STORE # 2211/ FORT DODGE,CASEY'S
CASEY'S GENERAL STORE # 2527/ SHELDON,CASEY'S
CASEY'S GENERAL STORE # 1591/ DECORAH,CASEY'S
CASEY'S GENERAL STORE # 2817/ GRISWOLD,CASEY'S
THAT IOWA GIRL,THAT IOWA GIRL
SUPER MART,SUPER MART
OELWEIN MART,OELWEIN
THULORDS,THULORDS
R&L FOODS,R&L
CASEY'S GENERAL STORE #1653 / CORNING,CASEY'S
SMOKIN JOE'S # 6 TOBACCO AND LIQUOR OUTLET,SMOKIN JOE'S
7STAR LIQUOR & TOBACCO OUTLET,7STAR
BACKWATER SPIRITS AND MORE,BACKWATER
KUM & GO #1215 / AMES,KUM & GO
SOUTHSIDE TOBACCO & LIQUOR,SOUTHSIDE
CASEY'S GENERAL STORE #95 / DEXTER,CASEY'S
TAMANG ENTERPRISE,TAMANG
CHROME TRUCK STOP,CHROME
SUPER SAVER LIQUOR OF MUSCATINE,SUPER SAVER
WORLD LIQUOR & TOBACCO + VAPORS,WORLD
STATION MART 2,STATION
NEIGHBORHOOD TOBACCO OUTLET / MARION,NEIGHBORHOOD
WEST SIDE LIQUOR,WEST SIDE
GREAT WALL,GREAT WALL
ELDRIDGE MART,ELDRIDGE
CASEY'S GENERAL STORE #3293 / MARQUETTE,CASEY'S
CASEY'S GENERAL STORE #3587 / BURLINGTON,CASEY'S
CASEY'S GENERAL STORE #3534 / CLERMONT,CASEY'S
CASEY'S GENERAL STORE #3385 / ORANGE CITY,CASEY'S
TOBACCO OUTLET & LIQUOR,TOBACCO OUTLET
IOWA MINI MART,IOWA MINI
TIGER MART,TIGER MART
CASEY'S GENERAL STORE #3610 / CEDAR FALLS,CASEY'S
STORY CITY MARKET,STORY CITY
INDEPENDENCE LIQUOR & FOOD,INDEPENDENCE
YESWAY #1103 / ROCKFORD,YESWAY
CASEY'S GENERAL STORE #1550 / WINFIELD,CASEY'S
ROCKWELL AREA MARKET,ROCKWELL
ACKLEY SUPERFOODS,ACKLEY
HEARTLAND MARKET,HEARTLAND
SWILS,SWILS
WHITE OAK STATION #53,WHITE OAK
WHITE OAK STATION #52,WHITE OAK
DHAKALS LLC,DHAKALS
CASEY'S GENERAL STORE #3617 / GRINNELL,CASEY'S
6 CORNERS GAS & GRUB,6 CORNERS
KUM & GO #184 / ALTOONA,KUM & GO
FARM FRESH FOOD TOWN &LIQUOR,FARM FRESH
QUIK TRIP #530 / EUCLID,QUIK TRIP
CASEY'S GENERAL STORE #3566 / PELLA,CASEY'S
ROLFE AREA MARKET,ROLFE
NEIGHBORHOOD MART,NEIGHBORHOOD
LIQUOR BARN II,LIQUOR BARN
CASEY'S GENERAL STORE #2168 / DAVENPORT,CASEY'S
QUIK TRIP #559 / FLEUR,QUIK TRIP
KUM & GO #1443 / WILLIAMSBURG,KUM & GO
THE DEPOT NORTH LIBERTY,THE DEPOT
CASEY'S GENERAL STORE #3639 / POSTVILLE,CASEY'S
RICHMOND & FERRY BP,RICHMOND & FERRY
JOHNCY'S LIQUOR STORE,JOHNCY'S
FINE LIQUOR & TOBACCO,FINE
QUIK N HANDI III,QUIK N HANDI
MEPO FOODS / MEDIAPOLIS,MEPO
FARM FRESH FOODTOWN & LIQUOR,FARM FRESH
CASEY'S GENERAL STORE #3648 / AKRON,CASEY'S
RIVERSIDE TRAVEL MART,RIVERSIDE
CASEY'S GENERAL STORE #3640 / WAUKEE,CASEY'S
CASEY'S GENERAL STORE #3653 / GREENE,CASEY'S
HOP N SHOP / CLINTON,HOP N SHOP
RANDALL'S STOP N SHOP,RANDALL'S
LIQUOR DOWNTOWN,LIQUOR DOWNTOWN
NEW STAR / WATERLOO,NEW STAR
BIG 10 MART,BIG 10
YESWAY #1148 / MARSHALLTOWN,YESWAY
MCDERMOTT OIL CO,MCDERMOTT
THE FOOD CENTER,THE FOOD CENTER
FAREWAY STORES #183 / FLEUR,FAREWAY
CASEY'S GENERAL STORE #3674 / SIOUX CITY,CASEY'S
CASEY'S GENERAL STORE #2097 / INDIANOLA,CASEY'S
THE FILLING STATION / AMES,THE FILLING STATION
PRONTO MARKET / SUMNER,PRONTO MARKET
CASEY'S GENERAL STORE #2490 / STORY CITY,CASEY'S
CASEY'S GENERAL STORE #1901 / DES MOINES,CASEY'S
CASEY'S GENERAL STORE #2447 / SERGEANT BLUFF,CASEY'S
CASEY'S GENERAL STORE #2550 / OSCEOLA,CASEY'S
CASEY'S GENERAL STORE #2578 / MAQUOKETA,CASEY'S
CASEY'S GENERAL STORE #2541 / BEDFORD,CASEY'S
CASEY'S GENERAL STORE #2834 / LENOX,CASEY'S
CASEY'S GENERAL STORE #91 / DALLAS CENTER,CASEY'S
CASEY'S GENERAL STORE #2341 / NEWTON,CASEY'S
CASEY'S GENERAL STORE #3024 / MEDIAPOLIS,CASEY'S
CASEY'S GENERAL STORE #2628 / LAKE CITY,CASEY'S
CASEY'S GENERAL STORE #2515 / DAYTON,CASEY'S
CASEY'S GENERAL STORE #2764 / HIAWATHA,CASEY'S
CASEY'S GENERAL STORE #2769 / WILLIAMSBURG,CASEY'S
CASEY'S GENERAL STORE #2905 / AMES,CASEY'S
CASEY'S GENERAL STORE #2222 / CLINTON,CASEY'S
BLAIRSTOWN QUICK STOP,BLAIRSTOWN QUICK STOP
CASEY'S GENERAL STORE #2891 / FORT DODGE,CASEY'S
CASEY'S GENERAL STORE #2014 / FORT DODGE,CASEY'S
CASEY'S GENERAL STORE #1280 / FORT DODGE,CASEY'S
MARION FOOD MARKET,MARION FOOD MARKET
CASEY'S GENERAL STORE #32 / MADRID,CASEY'S
CASEY'S GENERAL STORE #2553 / REDFIELD,CASEY'S
CASEY'S GENERAL STORE #3082 / CARROLL,CASEY'S
CASEY'S GENERAL STORE #2785 / ANKENY,CASEY'S
CASEY'S GENERAL STORE #2689 / ANKENY,CASEY'S
EAST END LIQUOR & TOBACCO,EAST END
KUM & GO #504 / IOWA CITY,KUM & GO
CASEY'S GENERAL STORE #2478 / NEW SHARON,CASEY'S
CASEY'S GENERAL STORE #2765 / CEDAR RAPIDS,CASEY'S
CASEY'S GENERAL STORE #2776 / CEDAR RAPIDS,CASEY'S
CASEY'S GENERAL STORE #2782 / CEDAR RAPIDS,CASEY'S
CASEY'S GENERAL STORE #2790 / CEDAR RAPIDS,CASEY'S
CASEY'S GENERAL STORE #2768 / CEDAR RAPIDS,CASEY'S
CASEY'S GENERAL STORE #2760 / MARION,CASEY'S
CASEY'S GENERAL STORE #2919 / MARION,CASEY'S
CASEY'S GENERAL STORE #3449 / WAPELLO,CASEY'S
RUSH STOP,RUSH STOP
WHITE OAK STATION #82 / NEVADA,WHITE OAK STATION
WHITE OAK STATION #83 / CASEY,WHITE OAK STATION
CASEY'S GENERAL STORE #2 / BOONE,CASEY'S
CASEY'S GENERAL STORE #2488 / N ENGLISH,CASEY'S
CASEY'S GENERAL STORE #1398 / ROLAND,CASEY'S
CASEY'S GENERAL STORE #2498 / WAPELLO,CASEY'S
WHITE OAK STATION #80 / WAPELLO,WHITE OAK STATION
CASEY'S GENERAL STORE #2544 / NEW LONDON,CASEY'S
WHITE OAK STATION #86 / HOSPERS,WHITE OAK STATION
WHITE OAK STATION #79 / MUSCATINE,WHITE OAK STATION
CASEY'S GENERAL STORE #2533 / MARENGO,CASEY'S
BEECHER LIQUOR / DUBUQUE,BEECHER LIQUOR
CASEY'S GENERAL STORE #1941 / ANKENY,CASEY'S
CASEY'S GENERAL STORE #1682 / OSKALOOSA,CASEY'S
HUBERS STORE,HUBERS STORE
GRANDVIEW MART,GRANDVIEW MART
DEPOT NORWAY,DEPOT NORWAY
GIT-N-GO #47 / ALTOONA,GIT-N-GO
LIQUOR TOBACCO & GAS,LIQUOR TOBACCO
LIQUOR TOBACCO & GROCERY,LIQUOR TOBACCO
KWIK STOP 4,KWIK STOP
H & A MINI MART,H & A MINI MART
CASEY'S GENERAL STORE #1889 / MONTICELLO,CASEY'S
CASEY'S GENERAL STORE #2585 / DYERSVILLE,CASEY'S
CASEY'S GENERAL STORE #2480 / CHARLES CITY,CASEY'S
CASEY'S GENERAL STORE #1599 / MT VERNON,CASEY'S
CASEY'S GENERAL STORE #1416 / NEW HAMPTON,CASEY'S
SA TOBACCO LIQUOR MART,SA TOBACCO
CASEY'S GENERAL STORE #3294 / URBANA,CASEY'S
CASEY'S GENERAL STORE #2634 / EDGEWOOD,CASEY'S
CASEY'S GENERAL STORE #2682 / OELWEIN,CASEY'S
CASEY'S GENERAL STORE #2690 / ANAMOSA,CASEY'S
CASEY'S GENERAL STORE #2908 / ANAMOSA,CASEY'S
CASEY'S GENERAL STORE #66 / LAPORTE CITY,CASEY'S
CASEY'S GENERAL STORE #2624 / MANCHESTER,CASEY'S
LIBERTY VIEW WINE AND SPIRITS,LIBERTY VIEW
CASEY'S GENERAL STORE #2520 / GRIMES,CASEY'S
CASEY'S GENERAL STORE #2623 / FAIRBANK,CASEY'S
CASEY'S GENERAL STORE #2513 / NASHUA,CASEY'S
CASEY'S GENERAL STORE #1446 / LISBON,CASEY'S
CASEY'S GENERAL STORE #3041 / ELK RUN HEIGHTS,CASEY'S
CASEY'S GENERAL STORE #2874 / RICEVILLE,CASEY'S
SUN MART,SUN MART
CASEY'S GENERAL STORE #3044 / SHELDON,CASEY'S
EASYGO,EASYGO
CASEY'S GENERAL STORE #1065 / ASBURY,CASEY'S
OASIS / DES MOINES,OASIS
CASEY'S GENERAL STORE #2275 / SIOUX CITY,CASEY'S
SUPER CONVENIENCE STORE,SUPER CONVENIENCE STORE
THE VILLE,THE VILLE
CASEY'S GENERAL STORE #3009 / SIOUX CITY,CASEY'S
MARION MARKET & CAFE',MARION MARKET
ONE STOP SHOP,ONE STOP SHOP
HOME TOWN WINE & SPIRITS,HOME TOWN
THE SNACK SHACK,THE SNACK SHACK
"BREW, GAS, COFFEE, SPIRIT, CIGARATTE",BREW
CATFISH CHARLIE'S,CATFISH CHARLIE'S
CASEY'S GENERAL STORE #3757 / IDA GROVE,CASEY'S
CASEY'S GENERAL STORE #68 / ALTON,CASEY'S
CASEY'S GENERAL STORE #3371 / NEW HARTFORD,CASEY'S
CASEY'S GENERAL STORE #1729 / ARLINGTON,CASEY'S
CONOCO / LE GRAND,CONOCO
SUPER STOP II / DUBUQUE,SUPER STOP
PHILLIPS 66 / GRINNELL,PHILLIPS 66
IOWA SMOKE AND LIQUOR,IOWA SMOKE AND LIQUOR
YESWAY #1169 / STORM LAKE,YESWAY
FAREWAY STORES #189 / AMES,FAREWAY
THE DEPOT TIFFIN,THE DEPOT
THE DEPOT WILLIAMSBURG,THE DEPOT
SUPER QUICK MART / WINDSOR HEIGHTS,SUPER QUICK MART
AVENUE G STORE / COUNCIL BLUFFS,AVENUE G
MIKE'S MARKET AND DELI,MIKE'S
TEQUILA WINE & SPIRITS,TEQUILA
ONE STOP SHOP #3 / ALGONA,ONE STOP SHOP
CODY MART GAS & LIQUOR,CODY MART
LOUST TOBACCO & LIQUOR / DUBUQUE,LOUST
CASEY'S GENERAL STORE #3717 / VINTON,CASEY'S
CASEY'S GENERAL STORE #3679 / STORM LAKE,CASEY'S
NORTH SIDE LIQUOR & TOBACCO / DUBUQUE,NORTH SIDE
UPTOWN LIQUOR & TOBACCO / CEDAR RAPIDS,UPTOWN
RIVERSIDE LIQUOR 2 / DAVENPORT,RIVERSIDE
LAKE VIEW REDEMPTION & LIQUOR STORE,LAKE VIEW REDEMPTION
CASEY'S GENERAL STORE #45 / DES MOINES,CASEY'S
COSTCO WHOLESALE #1325 / DAVENPORT,COSTCO WHOLESALE
STANWOOD FOOD MART LLC,STANWOOD FOOD MART
SUPER QUICK STOP / COUNCIL BLUFFS,SUPER QUICK STOP
GUDDI MART / WATERLOO,GUDDI MART
JONESY'S STOP N SHOP,JONESY'S
RUSS'S MARKET #30,RUSS'S MARKET
K & K FOOD AND GAS / DAVENPORT,K & K FOOD AND GAS
CASEY'S GENERAL STORE #2821 / GLADBROOK,CASEY'S
10TH HOLE INN & SUITE / GIFT SHOP,10TH HOLE INN
YESWAY STORE #1198 / SWEA CITY,YESWAY
SAVE MORE / DAVENPORT,SAVE MORE
GOPUFF / AMES,GOPUFF
GASLAND N 8TH ST / BURLINGTON,GASLAND
QUICK CORNER / HAWARDEN,QUICK CORNER
AMBYSURE INC / CLINTON,AMBYSURE
FAREWAY STORES #190 / CEDAR FALLS,FAREWAY
FLASHMART #101 / WDM,FLASHMART
CASEY'S GENERAL STORE #3756 / CEDAR RAPIDS,CASEY'S
DYNO'S #40 / SPENCER,DYNO'S
DYNO'S #41 / ALBERT CITY,DYNO'S
DYNO'S #42 / SAC CITY,DYNO'S
LOGAN AVE CONVENIENCE STORE / WATERLOO,LOGAN AVE
LOCUST MART / DAVENPORT,LOCUST
HULL FOOD CENTER / HULL,HULL FOOD CENTER
FLASHMART #104,FLASHMART
FLASHMART  #105,FLASHMART
CASEY'S #1025 /KALONA,CASEY'S
CASEY'S #3770 - GLENWOOD,CASEY'S
CASEY'S #3746 / GRIMES,CASEY'S
FLASHMART #102 /PERRY,FLASHMART
FLASHMART #103/PERRY,FLASHMART
THE HUT 23,THE HUT
WESTSIDE PETRO,WESTSIDE PETRO
WASHINGTON LIQUOR & TOBACCO OUTLET,WASHINGTON LIQUOR
KEYSTONE LIQUOR AND WINE,KEYSTONE LIQUOR
FORT MADISON LIQUOR & TOBACCO OUTLET PLUS,FORT MADISON LIQUOR
OGDEN MART,OGDEN MART
BROTHERS MARKET,BROTHERS
JW LIQUOR,JW LIQUOR
CASEY'S #3763 -WAVERLY,CASEY'S
CASEY'S GENERAL STORE #2864/EVANSDALE,CASEY'S
CASEY'S #2866-WATERLOO,CASEY'S
BROOKLYN GROCERY LIQUOR LLC,BROOKLYN GROCERY
YESWAY #1031,YESWAY
RAYSMARKET,RAYSMARKET
BIG 10 MART #69,BIG 10 MART
CASEY'S GENERAL STORE #3789,CASEY'S
CASEY'S GENERAL STORE #1303,CASEY'S
GOPUFF / IOWA CITY,GOPUFF
CASEY'S GENERAL STORE #1921- ACKLEY,CASEY'S
WEST MAIN LIQUOR,WEST MAIN LIQUOR
PETRO STOP - NEWTON,PETRO STOP
CASEY'S GENERAL STORE #2538-WAUKEE,CASEY'S
CASEY'S GENERAL STORE #3772,CASEY'S
EXPRESS LANE GAS & FOOD MART #79,EXPRESS LANE
EHLINGER'S VINTON EXPRESS,EHLINGER'S
ONE STOP SHOP #4 - DENISON,ONE STOP SHOP
BEER THIRTY DENISON,BEER THIRTY
LAZY RIVER BEVERAGE AND MORE,LAZY RIVER
JIM'S FOOD,JIM'S
HOMETOWN FOODS,HOMETOWN FOODS
BEECHER CO INC,BEECHER CO
FAREWAY STORES #193 / TIFFIN,FAREWAY
SUPER SAVER LIQUOR -MUSCATINE,SUPER SAVER LIQUOR
218 FUEL EXPRESS,218 FUEL EXPRESS
SUPER STOP & SHOP / BALDWIN,SUPER STOP & SHOP
CASEY'S GENERAL STORE #3291,CASEY'S
CASEY'S GENERAL STORE #1455,CASEY'S
NEW STAR / KNOXVILLE,NEW STAR
HASS MARKET,HASS MARKET
DONAHUE'S ONE STOP,DONAHUE'S
CASEY'S GENERAL STORE #3327 / FAIRFIELD,CASEY'S
CASEY'S GENERAL STORE #1624 / WASHINGTON,CASEY'S
CASEY'S GENERAL STORE #3292,CASEY'S
CASEY'S GENERAL STORE #3037 / CHEROKEE,CASEY'S
CASEY'S GENERAL STORE #3201 / COUNCIL BLUFFS,CASEY'S
CASEY'S GENERAL STORE #1887 / CEDAR FALLS,CASEY'S
CASEY'S GENERAL STORE #3025 / CARROLL,CASEY'S GENERAL STORE
CASEY'S GENERAL STORE #2920 / ANKENY,CASEY'S GENERAL STORE
CASEY'S GENERAL STORE #2346 / BURLINGTON,CASEY'S GENERAL STORE
CASEY'S GENERAL STORE #2481 / BLOOMFIELD,CASEY'S GENERAL STORE
CASEY'S GENERAL STORE #2639 / MAYNARD,CASEY'S GENERAL STORE
CASEY'S GENERAL STORE #2342 / BURLINGTON,CASEY'S GENERAL STORE
CASEY'S GENERAL STORE #0007 / OTTUMWA,CASEY'S GENERAL STORE
CASEY'S GENERAL STORE #1577 / ALBIA,CASEY'S GENERAL STORE
CASEY'S GENERAL STORE #1651 / ALBIA,CASEY'S GENERAL STORE
CASEY'S GENERAL STORE #51 / HUMBOLDT,CASEY'S GENERAL STORE
CASEY'S GENERAL STORE #42 / WELLMAN,CASEY'S GENERAL STORE
CASEY'S GENERAL STORE #72 / TIPTON,CASEY'S GENERAL STORE
CASEY'S GENERAL STORE #1315 / ARNOLDS PARK,CASEY'S GENERAL STORE
CASEY'S GENERAL STORE #1329 / ESTHERVILLE,CASEY'S GENERAL STORE
CASEY'S GENERAL STORE #1374 / COLFAX,CASEY'S GENERAL STORE
CASEY'S GENERAL STORE #1484 / MUSCATINE,CASEY'S GENERAL STORE
CASEY'S GENERAL STORE #2906 / MUSCATINE,CASEY'S GENERAL STORE
CASEY'S GENERAL STORE #2944 / MUSCATINE,CASEY'S GENERAL STORE
CASEY'S GENERAL STORE #1678 / OTTUMWA,CASEY'S GENERAL STORE
CASEY'S GENERAL STORE #1886 / OTTUMWA,CASEY'S GENERAL STORE
CASEY'S GENERAL STORE #2208 / OTTUMWA,CASEY'S GENERAL STORE
CASEY'S GENERAL STORE #2427 / WATERLOO,CASEY'S GENERAL STORE
CASEY'S GENERAL STORE #2867 / WATERLOO,CASEY'S GENERAL STORE
CASEY'S GENERAL STORE #1062 / WINTERSET,CASEY'S GENERAL STORE
CASEY'S GENERAL STORE #2239 / INDEPENDENCE,CASEY'S GENERAL STORE
CASEY'S GENERAL STORE #3854 / MANCHESTER,CASEY'S GENERAL STORE
CASEY'S GENERAL STORE #1378 / JESUP,CASEY'S GENERAL STORE
CASEY'S GENERAL STORE #2890 / WEST LIBERTY,CASEY'S GENERAL STORE
CASEY'S GENERAL STORE #2610 / ATLANTIC,CASEY'S GENERAL STORE
CASEY'S GENERAL STORE #2474 / HUXLEY,CASEY'S GENERAL STORE
CASEY'S GENERAL STORE #1609 / ELDON,CASEY'S GENERAL STORE
CASEY'S GENERAL STORE #2630 / CEDAR FALLS,CASEY'S GENERAL STORE
CASEY'S GENERAL STORE #2898 / CLARENCE,CASEY'S GENERAL STORE
CASEY'S GENERAL STORE #3606,CASEY'S GENERAL STORE
CASEY'S GENERAL STORE #2319 / FT MADISON,CASEY'S GENERAL STORE
CASEY'S GENERAL STORE #2023 / FT MADISON,CASEY'S GENERAL STORE
CASEY'S GENERAL STORE #2491 / CLARINDA,CASEY'S GENERAL STORE
CASEY'S GENERAL STORE #2779 / CORALVILLE,CASEY'S GENERAL STORE
CASEY'S GENERAL STORE #2699 / ESSEX,CASEY'S GENERAL STORE
CASEY'S GENERAL STORE #1277 / FORT DODGE,CASEY'S GENERAL STORE
CASEY'S GENERAL STORE #2512 / HILLS,CASEY'S GENERAL STORE
CASEY'S GENERAL STORE #1166 / HULL,CASEY'S GENERAL STORE
CASEY'S GENERAL STORE #2060 / POCAHONTAS,CASEY'S GENERAL STORE
CASEY'S GENERAL STORE #2672 / SANBORN,CASEY'S GENERAL STORE
CASEY'S GENERAL STORE #1265 / SIBLEY,CASEY'S GENERAL STORE
CASEY'S GENERAL STORE #1922 / WALCOTT,CASEY'S GENERAL STORE
CASEY'S GENERAL STORE #61 / WILTON,CASEY'S GENERAL STORE
CASEY'S GENERAL STORE #1541 / WEST BEND,CASEY'S GENERAL STORE
CASEY'S GENERAL STORE #1649 / WAVERLY,CASEY'S GENERAL STORE
CASEY'S GENERAL STORE #3528 / WASHINGTON,CASEY'S GENERAL STORE
CASEY'S GENERAL STORE #2472 / NICHOLS,CASEY'S GENERAL STORE
BREW GAS COFFEE WINE SPIRITS,BREW GAS
CASEY'S GENERAL STORE #2647 / CENTER POINT,CASEY'S GENERAL STORE
CASEY'S GENERAL STORE #3718 / PLEASANT HILL,CASEY'S GENERAL STORE
CASEY'S GENERAL STORE #3333 / PLEASANT HILL,CASEY'S GENERAL STORE
CASEY'S GENERAL STORE #2030 / CLINTON,CASEY'S GENERAL STORE
CASEY'S GENERAL STORE #2229 / OSAGE,CASEY'S GENERAL STORE
CASEY'S GENERAL STORE #1159 / CORRECTIONVILLE,CASEY'S GENERAL STORE
CASEY'S GENERAL STORE #1028 / MIDDLETOWN,CASEY'S GENERAL STORE
CASEY'S GENERAL STORE #1373 / BONDURANT,CASEY'S GENERAL STORE
CASEY'S GENERAL STORE #26 / PERRY,CASEY'S GENERAL STORE
CASEY'S GENERAL STORE #2576 / WHAT CHEER,CASEY'S GENERAL STORE
CASEY'S GENERAL STORE #2629 / RIVERSIDE,CASEY'S GENERAL STORE
CASEY'S GENERAL STORE #2487 / SPIRIT LAKE,CASEY'S GENERAL STORE
CASEY'S GENERAL STORE #2791 / CEDAR RAPIDS,CASEY'S GENERAL STORE
EICHMAN ENTERPRISES INC / SAGEVILLE,EICHMAN ENTERPRISES
SUPER STOP IV - DUBUQUE,SUPER STOP
CASEY'S GENERAL STORE #2916 / ALTOONA,CASEY'S GENERAL STORE
CASEY'S GENERAL STORE #1950 / GRINNELL,CASEY'S GENERAL STORE
CASEY'S GENERAL STORE #2894 / INDIANOLA,CASEY'S GENERAL STORE
CASEY'S GENERAL STORE #2530 / ALTA,CASEY'S GENERAL STORE
CASEY'S GENERAL STORE #57 / EDDYVILLE,CASEY'S GENERAL STORE
CASEY'S GENERAL STORE #3645 / LONE TREE,CASEY'S GENERAL STORE
CASEY'S GENERAL STORE #2836 / MONROE,CASEY'S GENERAL STORE
CASEY'S GENERAL STORE #2431 / SIOUX CENTER,CASEY'S GENERAL STORE
CASEY'S GENERAL STORE #1695 / SOLON,CASEY'S GENERAL STORE
CASEY'S GENERAL STORE #2019 / WEST BURLINGTON,CASEY'S GENERAL STORE
CASEY'S GENERAL STORE #2595 / KEOKUK,CASEY'S GENERAL STORE
CASEY'S GENERAL STORE #2636 / KEOKUK,CASEY'S GENERAL STORE
CENEX - HAMPTON,CENEX
CASEY'S GENERAL STORE #3858 - IOWA CITY,CASEY'S GENERAL STORE
CASEY'S GENERAL STORE #1911 / NEWTON,CASEY'S GENERAL STORE
CASEY'S GENERAL STORE #1828 / WEBSTER CITY,CASEY'S GENERAL STORE
CASEY'S GENERAL STORE #1605 / HAMPTON,CASEY'S GENERAL STORE
CASEY'S GENERAL STORE #1546 / FREMONT,CASEY'S GENERAL STORE
CASEY'S GENERAL STORE #1417 / IOWA FALLS,CASEY'S GENERAL STORE
CASEY'S GENERAL STORE #55 / MARCUS,CASEY'S GENERAL STORE
CASEY'S GENERAL STORE #1612 / MOUNT PLEASANT,CASEY'S GENERAL STORE
CASEY'S GENERAL STORE #2681 / OKOBOJI,CASEY'S GENERAL STORE
CASEY'S GENERAL STORE #2306 / NEVADA,CASEY'S GENERAL STORE
STATION MART #2,STATION MART
BROTHER'S MARKET / CLARION,BROTHER'S MARKET
SWEETWATER SPIRITS - LIVERMORE,SWEETWATER SPIRITS
LEAF BROTHERS CIGARS / WDM,LEAF BROTHERS CIGARS
CASEY'S GENERAL STORE #3826 - ADEL,CASEY'S GENERAL STORE
CASEY'S GENERAL STORE #3827- ANKENY,CASEY'S GENERAL STORE
ROCKINGHAM LIQUOR - DAVENPORT,ROCKINGHAM LIQUOR
MOTI'S FOOD,MOTI'S FOOD
WEST FORTY MARKET - GREENE,WEST FORTY MARKET
SUPER QUICK STOP - COUNCIL BLUFFS,SUPER QUICK STOP
CASEY'S GENERAL STORE #2684 - DURANT,CASEY'S GENERAL STORE
CASEY'S GENERAL STORE #74 - MORNING SUN,CASEY'S GENERAL STORE
CASEY'S GENERAL STORE #2256 - DEWITT,CASEY'S GENERAL STORE
R & R TOWN MART / RUDD,R & R TOWN MART
CASEY'S GENERAL STORE #1068 - DAVENPORT,CASEY'S GENERAL STORE
TAYLOR QUIK PIK - HARLAN,TAYLOR QUIK PIK
STATION MART #1 - EVANSDALE,STATION MART
EZ STOP II - DUBUQUE,EZ STOP
TAYLOR QUIK PIK - SHELBY,TAYLOR QUIK PIK
LIQUOR TOBACCO & GROCERY - MASON CITY,LIQUOR TOBACCO & GROCERY
KUM & GO #0217 -AMES,KUM & GO
TAYLOR QUIK PIK - COUNCIL BLUFFS,TAYLOR QUIK PIK
SOUTHGATE EXPRESSE - AMES,SOUTHGATE EXPRESSE
K-ZAR INC - WATERLOO,K-ZAR INC
CASEY'S GENERAL STORE #2803 / VILLISCA,CASEY'S GENERAL STORE
HAWKEYE SMOKE SHOP,HAWKEYE SMOKE SHOP
HOMETOWN FAMILY MARKET,HOMETOWN FAMILY MARKET
K FOOD MART / MONTICELLO,K FOOD MART
BROTHERS MARKET / BLOOMFIELD,BROTHERS MARKET
TOBACCO OUTLET PLUS #507 - URBANDALE,TOBACCO OUTLET PLUS
KEYSTONE LIQUOR,KEYSTONE LIQUOR
GM MART / IOWA CITY,GM MART
THE SNACK SHACK / WATERLOO,THE SNACK SHACK
WEST D LIQUORS,WEST D LIQUORS
KWIK STOP FOOD MART / DUBUQUE,KWIK STOP FOOD MART
FAIRBANK FOOD CENTER / FAIRBANK,FAIRBANK FOOD CENTER
DA BOOZE BARN / WEST BEND,DA BOOZE BARN
CASEY'S GENERAL STORE #1659 / ANKENY,CASEY'S GENERAL STORE
HOMETOWN FOODS - HUBBARD,HOMETOWN FOODS
HOMETOWN FOODS - CONRAD,HOMETOWN FOODS
SHORTEE'S PIT STOP / SPEEDWAY CAFE,SHORTEE'S PIT STOP
KIMMES HUMBOLDT COUNTRY STORE #14,KIMMES HUMBOLDT COUNTRY STORE
CASEY'S GENERAL STORE #3439 / LIME SPRINGS,CASEY'S GENERAL STORE
CASEY'S GENERAL STORE #67 / SUMNER,CASEY'S GENERAL STORE
CASEY'S GENERAL STORE #2392,CASEY'S GENERAL STORE
BIG 10 MART #62 / BETTENDORF,BIG 10 MART
SUPER QUICK LIQUOR / WDM,SUPER QUICK LIQUOR
WESTSIDE HOUSER MART / MUSCATINE,WESTSIDE HOUSER MART
CASEY'S GENERAL STORE #2786 / DES MOINES,CASEY'S GENERAL STORE
GARNER FOODS / FT MADISON,GARNER FOODS
CASEY'S GENERAL STORE #3880 / WATERLOO,CASEY'S GENERAL STORE
WHISKEY BUSINESS / ALLERTON,WHISKEY BUSINESS
ROLFE HEARTLAND,ROLFE HEARTLAND
CASEY'S GENERAL STORE #1126 / WYOMING,CASEY'S GENERAL STORE
TOBACCO HUT / URBANDALE,TOBACCO HUT
URBAN FUEL LLC / NORTH LIBERTY,URBAN FUEL LLC
FORT DODGE SMOKE SHOP,FORT DODGE SMOKE SHOP
NEW STAR FLETCHER / WATERLOO,NEW STAR FLETCHER
LE CLAIRE GROCERY STORE,LE CLAIRE GROCERY STORE
GM MINIMART / MUSCATINE,GM MINIMART
HOT SPOT FOOD AND LIQUOR / BURLINGTON,HOT SPOT FOOD AND LIQUOR
HARPERS ONE STOP / HARPERS FERRY,HARPERS ONE STOP
AJ'S JACK & JILL / WEST BRANCH,AJ'S JACK & JILL
POLK CITY LIQUOR,POLK CITY LIQUOR
MARTELLE STORE,MARTELLE STORE
EZ STOP 1 / DUBUQUE,EZ STOP
OLD FIRE LIQUOR / BUFFALO CENTER,OLD FIRE LIQUOR
A A AND M INC / PERRY,A A AND M INC
CASEY'S GENERAL STORE #1427 / CLEAR LAKE,CASEY'S GENERAL STORE
UNI MART / WATERLOO,UNI MART
THE HUT / COUNCIL BLUFFS,THE HUT
ANOTHER ROUND / DEWITT,ANOTHER ROUND
THE SNACK SHACK #2 / WATERLOO,THE SNACK SHACK
CASEY'S GENERAL STORE #2584  / OSSIAN,CASEY'S GENERAL STORE
KUM & GO #0131 / HUXLEY,KUM & GO
CASEY'S GENERAL STORE #2099 / CLIVE,CASEY'S GENERAL STORE
CASEY'S GENERAL STORE #3896 / CENTER POINT,CASEY'S GENERAL STORE
CASEY'S GENERAL STORE #2694 / PELLA,CASEY'S GENERAL STORE
RUSH STOP / CHARLES CITY,RUSH STOP
FREDRICKSBURG FOOD CENTER,FREDRICKSBURG FOOD CENTER
CASEY'S GENERAL STORE #1762 / ALGONA,CASEY'S GENERAL STORE
D&T'S / ODEBOLT,D&T'S
EAST POST RD BP,EAST POST RD BP
THRIFTWAY / LA PORTE CITY,THRIFTWAY
IOWA CITY BP,IOWA CITY BP
ALI'S CORNER / WATERLOO,ALI'S CORNER
CITY LIQUOR / IOWA CITY,CITY LIQUOR
CASEY'S GENERAL STORE #2364 / URBANDALE,CASEY'S GENERAL STORE
CJ'S CONVENIENCE STORE / ELKADER,CJ'S CONVENIENCE STORE
CARSTENSEN'S MEAT AND GROCERY / LAKE PARK,CARSTENSEN'S MEAT AND GROCERY
SPEEDEE MART / AVOCA,SPEEDEE MART
EDDY'S LIQUORS / ALTA,EDDY'S LIQUORS
LAKELAND EZ STOP / RUTHVEN,LAKELAND EZ STOP
PRIME MART - CEDAR FALLS,PRIME MART
16TH AVE BP / CEDAR RAPIDS,16TH AVE BP
1ST AVE BP / CEDAR RAPIDS,1ST AVE BP
CEDAR RAPIDS BP,CEDAR RAPIDS BP
CASEY'S GENERAL STORE #3899 / CEDAR RAPIDS,CASEY'S GENERAL STORE
TOBACCO OUTLET PLUS #530 / AMES,TOBACCO OUTLET PLUS
JOHNSON AVE BP / CEDAR RAPIDS,JOHNSON AVE BP
OLD MARION RD BP / CEDAR RAPIDS,OLD MARION RD BP
CASEY'S GENERAL STORE #3898 / ANAMOSA,CASEY'S GENERAL STORE
CASEY'S GENERAL STORE #3900 / RIVERSIDE,CASEY'S GENERAL STORE
TOBACCO OUTLET PLUS #537 / IOWA CITY,TOBACCO OUTLET PLUS
OLD 34 GAS & GRILL / DANVILLE,OLD 34 GAS & GRILL
GOWRIE GROCERY,GOWRIE GROCERY
BP FUEL / DUBUQUE,BP FUEL
"LIQUOR, TOBACCO & GROCERY / DUBUQUE","LIQUOR, TOBACCO & GROCERY"
BP FUEL / WATERLOO,BP FUEL
YOUR PRIVATE BAR / URBANDALE,YOUR PRIVATE BAR
CASEY'S GENERAL STORE #1938 / ALTOONA,CASEY'S
CASEY'S GENERAL STORE #63 / ROCK RAPIDS,CASEY'S
CASEY'S GENERAL STORE #62 / POMEROY,CASEY'S
CASEY'S GENERAL STORE #1798 / FOREST CITY,CASEY'S
CASEY'S GENERAL STORE #3032 / CHARITON,CASEY'S
CASEY'S GENERAL STORE #1499 / CHARITON,CASEY'S
CASEY'S GENERAL STORE #22 / CHARITON,CASEY'S
CASEY'S GENERAL STORE #1728 / RED OAK,CASEY'S
CASEY'S GENERAL STORE #1496 / RED OAK,CASEY'S
CASEY'S GENERAL STORE #3288 / BLUE GRASS,CASEY'S
KUM & GO #7701 / DES MOINES,KUM & GO
PONY CREEK LIQUOR / GLENWOOD,PONY CREEK LIQUOR
CASEY'S GENERAL STORE #1623 / INDIANOLA,CASEY'S
CASEY'S GENERAL STORE #1908 / INDIANOLA,CASEY'S
CASEY'S GENERAL STORE #14 / CARLISLE,CASEY'S
CASEY'S GENERAL STORE #1676 / CARLISLE,CASEY'S
CASEY'S GENERAL STORE #2422 / CRESTON,CASEY'S
CASEY'S GENERAL STORE #2305 / BELMOND,CASEY'S
CASEY'S GENERAL STORE #2460 / ALGONA,CASEY'S
CASEY'S GENERAL STORE #2665 / WOODBINE,CASEY'S
CASEY'S GENERAL STORE #2527 / SHELDON,CASEY'S
CASEY'S GENERAL STORE #3244 / URBANDALE,CASEY'S
CASEY'S GENERAL STORE #6 / ALTOONA,CASEY'S
CASEY'S GENERAL STORE #1997 / WAUKON,CASEY'S
CASEY'S GENERAL STORE #3214 / OSKALOOSA,CASEY'S
CASEY'S GENERAL STORE #2350 / OSKALOOSA,CASEY'S
CASEY'S GENERAL STORE #2366 / OSKALOOSA,CASEY'S
CASEY'S GENERAL STORE #2479 / NORTH LIBERTY,CASEY'S
CASEY'S GENERAL STORE #1527 / GRINNELL,CASEY'S
CASEY'S GENERAL STORE #1134 / GRINNELL,CASEY'S
CASEY'S GENERAL STORE #1610 / KNOXVILLE,CASEY'S
CASEY'S GENERAL STORE #1827 / KNOXVILLE,CASEY'S
CASEY'S GENERAL STORE #1894 / SPENCER,CASEY'S
CASEY'S GENERAL STORE #3396 / SIGOURNEY,CASEY'S
HAWKEYE SMOKE AND LIQUOR / IOWA CITY,HAWKEYE SMOKE AND LIQUOR
SUPER STOP LIQUOR AND WINE / ALTOONA,SUPER STOP
CASEY'S GENERAL STORE #1328 / ESTHERVILLE,CASEY'S
CASEY'S GENERAL STORE #1714 / FAIRFIELD,CASEY'S
CASEY'S GENERAL STORE #2771 / CEDAR RAPIDS,CASEY'S
PORTERS CONVENIENCE 66 / CLINTON,PORTER'S
CASEY'S GENERAL STORE #1131 / DYSART,CASEY'S
CASEY'S GENERAL STORE #2597 / SLOAN,CASEY'S
CASEY'S GENERAL STORE #2298 / AMES,CASEY'S
CASEY'S GENERAL STORE #2659 / COLUMBUS JUNCTION,CASEY'S
CASEY'S GENERAL STORE #2865 / CEDAR FALLS,CASEY'S
CASEY'S GENERAL STORE #2635 / JOHNSTON,CASEY'S
CASEY'S GENERAL STORE #1910 / JOHNSTON,CASEY'S
TARGET STORE T-3374 / IOWA CITY,TARGET
CASEY'S GENERAL STORE #1081 / FONTANELLE,CASEY'S
CASEY'S GENERAL STORE #1084 / EVANSDALE,CASEY'S
CASEY'S GENERAL STORE #2437 / MASON CITY,CASEY'S
CASEY'S GENERAL STORE #1893 / MASON CITY,CASEY'S
MILL STREET LIQUOR / LAKE MILLS,MILL STREET LIQUOR
CASEY'S GENERAL STORE #1621 / MASON CITY,CASEY'S
CASEY'S GENERAL STORE #19 / MASON CITY,CASEY'S
CASEY'S GENERAL STORE #2467 / CLARINDA,CASEY'S
CASEY'S GENERAL STORE #2458 / MASON CITY,CASEY'S
CASEY'S GENERAL STORE - #2532,CASEY'S
CASEY'S GENERAL STORE #3888 / ANKENY,CASEY'S
I TOWNER STOP / INDIANOLA,I TOWNER STOP
CASEY'S GENERAL STORE #2315 / CORYDON,CASEY'S
TERRY'S FOOD CENTER / DYSART,TERRY'S FOOD CENTER
VALLEY WEST CORNER STORE / WDM,VALLEY WEST CORNER STORE
CASEY'S GENERAL STORE #1589 / GRUNDY CENTER,CASEY'S
MOD / KEOKUK,MOD
EDDYVILLE TRAVEL PLAZA BP,EDDYVILLE TRAVEL PLAZA
CASEY'S GENERAL STORE #2686 / FORT DODGE,CASEY'S
CASEY'S GENERAL STORE #50 / MOVILLE,CASEY'S
CASEY'S GENERAL STORE #1564 / MARSHALLTOWN,CASEY'S
CASEY'S GENERAL STORE #1167 / HOLSTEIN,CASEY'S
CASEY'S GENERAL STORE #2477 / LE MARS,CASEY'S
THREE DOORS DOWN LIQUOR,THREE DOORS DOWN
BOOTLEGGING BARZINIS,BOOTLEGGING BARZINIS
SUPER MART / OELWEIN,SUPER MART
CASEY'S GENERAL STORE #3332 / MURRAY,CASEY'S
CASEY'S GENERAL STORE #2880 / WATERLOO,CASEY'S
CASEY'S GENERAL STORE #2879 / WATERLOO,CASEY'S
LIQUOR DOWNTOWN / IOWA CITY,LIQUOR DOWNTOWN
COUNTRYSIDE MARKET / MINDEN,COUNTRYSIDE MARKET
CASEY'S GENERAL STORE #3904 / MANNING,CASEY'S
CASEY'S GENERAL STORE #2297 / WDM,CASEY'S
KUM & GO #3156 / CLIVE,KUM & GO
CASEY'S GENERAL STORE #2150 / WDM,CASEY'S
CORNER STOP / WASHINGTON,CORNER STOP
MOD / FORT MADISON,MOD
CASEY'S GENERAL STORE #1130 / REINBECK,CASEY'S
CASEY'S GENERAL STORE #2539 / SHENANDOAH,CASEY'S
CASEY'S GENERAL STORE #1712 / SHENANDOAH,CASEY'S
CASEY'S GENERAL STORE #2568 / NORWALK,CASEY'S
LIBERTY VIEW WINE & SPIRITS / NORTH LIBERTY,LIBERTY VIEW WINE & SPIRITS
CASEY'S GENERAL STORE #1428 / MILO,CASEY'S
CASEY'S GENERAL STORE #2770 / MARION,CASEY'S
KUM & GO #0731 / DES MOINES,KUM & GO
PANTHER TRAVEL CENTER / CEDAR FALLS,PANTHER TRAVEL CENTER
CASEY'S GENERAL STORE #1793 / IOWA FALLS,CASEY'S
A TO Z LIQUOR / CHEROKEE,A TO Z LIQUOR
KARLS GROCERY / EDGEWOOD,KARLS GROCERY
CASEY'S GENERAL STORE #2406 / PLEASANT HILL,CASEY'S
CASEY'S GENERAL STORE #2676 / DES MOINES,CASEY'S
SUPER SAVER LIQUOR / DAVENPORT,SUPER SAVER LIQUOR
UNITED WINE & LIQUOR / CEDAR FALLS,UNITED
FAST AVE ONE STOP / MUSCATINE,FAST AVE
STAR CONVENIENCE / FORT DODGE,STAR
BIG 10 MART #12 / DUBUQUE,BIG 10
BIG 10 MART #11 / DUBUQUE,BIG 10
A&Z LIQUORS / HAMPTON,A&Z
PEARL CITY TOBACCO & LIQUOR OUTLET / MUSCATINE,PEARL CITY
TOBACCO OUTLET PLUS #560 / CEDAR RAPIDS,TOBACCO OUTLET PLUS
HILL COUNTRY CONVENIENCE STORE / COLESBURG,HILL COUNTRY
HAMPTON LIQUOR & TOBACCO / HAMPTON,HAMPTON
SHOP N SAVE NEWTON,SHOP N SAVE
G CORNER / CEDAR FALLS,G
KUM & GO #0185 / BONDURANT,KUM & GO
CHEEMA GAS AND LIQUORS / NEW SHARON,CHEEMA
CIRCLE K / WDM,CIRCLE K
CASEY'S #2654 / STUART,CASEY'S
NEIGHBORHOOD LIQUOR AND SMOKES / AMES,NEIGHBORHOOD
CIRCLE K #22654123 / BOONE,CIRCLE K
CIRCLE K #22654122 / BOONE,CIRCLE K
KUM & GO #7706 / AMES,KUM & GO
SMOKER'S GENIE / WAUKEE,SMOKER'S GENIE
NEW STARR / FORT DODGE,NEW STARR
CIRCLE K #22654124 / PERRY,CIRCLE K
CIRCLE K #22654125 / PERRY,CIRCLE K
HAWKEYE LIQUOR & TOBACCO / IOWA CITY,HAWKEYE
A&S FOOD AND GAS / DAVENPORT,A&S
CASEY'S #2741 / SIDNEY,CASEY'S
LIQUOR TOBACCO OUTLET / FORT DODGE,LIQUOR TOBACCO OUTLET
BREW OIL #41 / ALBERT CITY,BREW OIL
BREW OIL #51 / SANBORN,BREW OIL
BREW OIL #40 / SPENCER,BREW OIL
BREW OIL #29 / EMMETSBURG,BREW OIL
MOES MART #3 / COUNCIL BLUFFS,MOES MART
BREW OIL #26 / POCAHONTAS,BREW OIL
BREW OIL #53 / SIBLEY,BREW OIL
BREW OIL #50 / HARTLEY,BREW OIL
BREW OIL #33 / STORM LAKE,BREW OIL
BREW OIL #42,BREW OIL
MOES MART #4 / COUNCIL BLUFFS,MOES MART
DOUBLE D LIQUOR STORE / WAUKON,DOUBLE D
MOES MART #11 / SIOUX CENTER,MOES MART
MOES MART #12 / HOSPERS,MOES MART
MOES MART #13 / CASEY,MOES MART
STAN'S CORNER / LAKE PARK,STAN'S
CASEY'S #3920 / MOUNT PLEASANT,CASEY'S
TOBACCO OUTLET PLUS #561 / CEDAR FALLS,TOBACCO OUTLET PLUS
FAREWAY STORES #212 / COLFAX,FAREWAY STORES
CASH SAVER #33 / DES MOINES,CASH SAVER
ALLCOOL LIQUORS / WDM,ALLCOOL
CRESCO MART,CRESCO
LIQUOR TOBACCO & VAPE / MANCHESTER,LIQUOR TOBACCO & VAPE
PRESTON COUNTRY STORE,PRESTON
GATEWAY MART / CLINTON,GATEWAY
CASH SAVER #34 / DES MOINES,CASH SAVER
CORNER MART / MARION,CORNER
LANE'S CORNER STORE / WATERLOO,LANE'S
EAST END LIQUOR / DES MOINES,EAST END
HIWAY 20 LIQUOR AND TOBACCO / FORT DODGE,HIWAY 20
LEEDS FOOD N FUEL / SIOUX CITY,LEEDS
DUBUQUE WINE & SPIRITS,DUBUQUE
LINCOLN FARM AND HOME 3 / PACIFIC JUNCTION,LINCOLN FARM AND HOME
AKRON STOP / ALGONA,AKRON
KIRKWOOD LIQUOR AND TOBACCO / IOWA CITY,KIRKWOOD
URBAN FUEL EXPRESS / IOWA CITY,URBAN FUEL
SUPER SAVER TOBACCO & LIQUOR / DAVENPORT,SUPER SAVER
ROYAL FOOD & LIQUOR / DES MOINES,ROYAL FOOD & LIQUOR
KJ'S CONVENIENCE & DELI / MAQUOKETA,KJ'S
HOMETOWN WINE & SPIRITS / OSKALOOSA,HOMETOWN
NORTHSIDE LIQUOR AND GROCERY / MASON CITY,NORTHSIDE
THE DEPOT VAN HORNE,THE DEPOT
HIWAY 20 LIQUOR & TOBACCO / WEBSTER CITY,HIWAY 20
BANI'S / CEDAR FALLS,BANI'S
BEER ON FLOYD / SIOUX CITY,BEER ON FLOYD
OELWEIN LIQUOR,OELWEIN
THE DEPOT GILMAN,THE DEPOT
UNIVERSITY LIQUORS / WDM,UNIVERSITY
HAWKEYE SMOKE SHOP / FAIRFIELD,HAWKEYE
OSKALOOSA WATERING HOLE,OSKALOOSA
OFF CAMPUS BEER AND SPIRITS / AMES,OFF CAMPUS
DOWNTOWN SINCLAIR / FORT DODGE,DOWNTOWN SINCLAIR
LUXEMBURG LIQUOR TOBACCO & GAS,LUXEMBURG
OKOBOJI GAS COMPANY / MILFORD,OKOBOJI
HAWKS SMOKE SHOP / MARION,HAWKS
OELWEIN LIQUOR & VAPE,OELWEIN
STRAWBERRY FOOD,STRAWBERRY
DANNYS TOBACCO & LIQUOR / GUTTENBERG,DANNYS
SPEEDEE MART 1515 / COUNCIL BLUFFS,SPEEDEE MART
BREW OIL #32 / SPENCER,BREW OIL
JACK & JILL STORE / WEST BRANCH,JACK & JILL
CASEY'S GENERAL STORE #4 / DES MOINES,CASEY'S
BP TO GO / HIAWATHA,BP
MINI-MART / INDEPENDENCE,MINI-MART
MALCOM GAS & FOOD / MALCOM,MALCOM
MINI-MART / CEDAR FALLS,MINI-MART
HY-VEE DOLLAR FRESH / MAQUOKETA,HY-VEE
BP TO GO - 1010  / MARION,BP
BREW OIL #11 / BOYDEN,BREW OIL
HY-VEE GAS #2 / CORALVILLE,HY-VEE
BP TO GO - 250 / CEDAR RAPIDS,BP
BP TO GO - 1581 / CEDAR RAPIDS,BP
SAVE MORE SUPER MARKET / DAVENPORT,SAVE MORE
MILL CREEK LIQUORS / PAULLINA,MILL CREEK
SPARKY'S ONE STOP / LAKE VIEW,SPARKY'S
HY-VEE DOLLAR FRESH / MANCHESTER,HY-VEE
HAWKS LIQUOR & TOBACCO / CORALVILLE,HAWKS
HY-VEE FAST AND FRESH #2 / WAUKEE,HY-VEE
HY-VEE DOLLAR FRESH / NEVADA,HY-VEE
DT LIQUOR LLC / DEWITT,DT LIQUOR
GOPUFF / NORTH LIBERTY,GOPUFF
MOUNT PLEASANT FOOD & LIQUOR / MT PLEASANT,MOUNT PLEASANT
THE LIQUOR CABINET / CLIVE,THE LIQUOR CABINET
BLIND PIG COCKTAIL BODEGA / WEST DES MOINES,BLIND PIG
HY-VEE C STORE / MT. PLEASANT,HY-VEE
XO FOOD & LIQUOR / WATERLOO,XO
WORLD LIQUOR & TOBACCO + VAPORS / WAUKEE,WORLD
DEPOT LIQUOR & GROCERY / MARSHALLTOWN,DEPOT
MEGA SAVER / COUNCIL BLUFFS,MEGA SAVER
EAST SIDE LIQUOR & GROCERY / MARSHALLTOWN,EAST SIDE
DUBUQUE TOBACCO & GROCERY / DUBUQUE,DUBUQUE TOBACCO
HY-VEE FAST AND FRESH / GRIMES,HY-VEE
HY-VEE / GRIMES,HY-VEE
BAILEY'S CONVENIENCE / SIOUX CITY,BAILEY'S
MCELROY'S FOOD / WINTHROP,MCELROY'S
HAMPTON CROSSROADS / HAMPTON,HAMPTON CROSSROADS
CASEY'S #3934 / ANKENY,CASEY'S
MARLE HAY LIQUOR & SMOKE / DES MOINES,MARLE HAY
TODD'S SHELL / ROCK RAPIDS,TODD'S
BOJI JUNCTION / MILFORD,BOJI JUNCTION
PRIME WINE AND SPIRITS / MASON CITY,PRIME
HY-VEE DOLLAR FRESH / ORANGE CITY,HY-VEE
MID TOWN LIQUOR & VAPE / MASON CITY,MID TOWN
DAY BREAK / WHEATLAND,DAY BREAK
ROCK C LIQUOR & WINE & TOBACCO / IOWA FALLS,ROCK C
OELWEIN LIQUOR TOBACCO & GAS / OELWEIN,OELWEIN
BEER THIRTY STORM LAKE / STORM LAKE,BEER THIRTY
KWIK STAR #1154 / SHELDON,KWIK STAR
QUICK STOP / CEDAR RAPIDS,QUICK STOP
WORLD LIQUOR & TOBACCO + VAPORS / ADEL,WORLD
WESTSIDE SPIRITS / CEDAR RAPIDS,WESTSIDE
WASHINGTON LIQUOR AND TOBACCO OUTLET / WASHINGTON,WASHINGTON
LARCHWOOD QUICK STOP / LARCHWOOD,LARCHWOOD
RACEWAY 80 / NEWTON,RACEWAY
RAYMOND'S STATION / GARWIN,RAYMOND'S
WALL TO WALL WINE AND SPIRITS / WEST DES MOINES,WALL TO WALL
HY-VEE DOLLAR FRESH / INDEPENDENCE,HY-VEE
KWIK STAR #1146 / CEDAR RAPIDS,KWIK STAR
ANKENY WINE AND SPIRITS / ANKENY,ANKENY
KWIK STAR #1142  / IOWA CITY,KWIK STAR
COLFAX-TRAVEL CENTER,COLFAX-TRAVEL
HY-VEE FAST AND FRESH / MARION,HY-VEE
STATION MART 2 / EVANSDALE,STATION MART
CEDAR RIDGE VINEYARDS,CEDAR RIDGE
MISSISSIPPI RIVER DISTILLERY,MISSISSIPPI RIVER
BROADBENT DISTILLERY,BROADBENT
IOWA DISTILLING COMPANY,IOWA DISTILLING
PARADISE DISTILLING COMPANY,PARADISE
IOWA LEGENDARY RYE,IOWA LEGENDARY
LONELY OAK DISTILLERY,LONELY OAK
CATS EYE DISTILLERY LLC,CATS EYE
"GREEN FROG DISTILLERY, LLC",GREEN FROG
TEMPLETON DISTILLING LLC,TEMPLETON
FOUNDRY DISTILLING COMPANY,FOUNDRY
S&B FARMS DISTILLERY,S&B FARMS
"AMERICAN HERITAGE DISTILLERS, LLC",AMERICAN HERITAGE
ROCK RIVER DISTILLATION COMPANY,ROCK RIVER
REVELTON DISTILLING COMPANY,REVELTON
ARTISAN GRAIN DISTILLERY,ARTISAN GRAIN
TYCOGA VINEYARD & WINERY,TYCOGA
CEDAR RIDGE,CEDAR RIDGE
MISSISSIPPI RIVER DISTILLING CO,MISSISSIPPI RIVER
JOHNSON BROTHERS WIRTZ,JOHNSON BROTHERS
SOUTHERN GLAZERS WINE & SPIRITS OF IOWA,SOUTHERN GLAZERS
DEHNER DISTILLERY,DEHNER
SWELL LIQUOR,SWELL LIQUOR
THOME ENTERPRISES LLC,THOME
LONELY OAK DISTILERY,LONELY OAK
"CATS EYE DISTILLERY, LLC",CATS EYE
DASH EVENTS LLC,DASH EVENTS
H&M Store,H&M
Nike Outlet,Nike
Zara,Zara
Adidas Originals,Adidas
Forever 21,Forever 21
Gap Factory,Gap
Levi's Store,Levi's
KUM & GO #24  PLEASANT HILL,KUM & GO
KUM & GO #216  AMES,KUM & GO
KUM & GO #214  AMES,KUM & GO
SELECT MART    GORDON DR,SELECT MART
MCELROY'S FOOD MARKET,MCELROY'S FOOD MARKET
CASEY'S GENERAL STORE #3854  / MANCHESTER,CASEY'S
'DA BOOZE BARN / WEST BEND,DA BOOZE BARN
